--
-- PostgreSQL database dump
--

\restrict k1xPJaQEa7tD7kOVNBPtlPT0IA2HrRmQjAqadZZhsdwQxBbjgajHUOKdSu7rR6u

-- Dumped from database version 18.2
-- Dumped by pg_dump version 18.2

SET statement_timeout = 0;
SET lock_timeout = 0;
SET idle_in_transaction_session_timeout = 0;
SET transaction_timeout = 0;
SET client_encoding = 'UTF8';
SET standard_conforming_strings = on;
SELECT pg_catalog.set_config('search_path', '', false);
SET check_function_bodies = false;
SET xmloption = content;
SET client_min_messages = warning;
SET row_security = off;

SET default_tablespace = '';

SET default_table_access_method = heap;

--
-- Name: auth_group; Type: TABLE; Schema: public; Owner: postgres
--

CREATE TABLE public.auth_group (
    id integer NOT NULL,
    name character varying(150) NOT NULL
);


ALTER TABLE public.auth_group OWNER TO postgres;

--
-- Name: auth_group_id_seq; Type: SEQUENCE; Schema: public; Owner: postgres
--

ALTER TABLE public.auth_group ALTER COLUMN id ADD GENERATED BY DEFAULT AS IDENTITY (
    SEQUENCE NAME public.auth_group_id_seq
    START WITH 1
    INCREMENT BY 1
    NO MINVALUE
    NO MAXVALUE
    CACHE 1
);


--
-- Name: auth_group_permissions; Type: TABLE; Schema: public; Owner: postgres
--

CREATE TABLE public.auth_group_permissions (
    id bigint NOT NULL,
    group_id integer NOT NULL,
    permission_id integer NOT NULL
);


ALTER TABLE public.auth_group_permissions OWNER TO postgres;

--
-- Name: auth_group_permissions_id_seq; Type: SEQUENCE; Schema: public; Owner: postgres
--

ALTER TABLE public.auth_group_permissions ALTER COLUMN id ADD GENERATED BY DEFAULT AS IDENTITY (
    SEQUENCE NAME public.auth_group_permissions_id_seq
    START WITH 1
    INCREMENT BY 1
    NO MINVALUE
    NO MAXVALUE
    CACHE 1
);


--
-- Name: auth_permission; Type: TABLE; Schema: public; Owner: postgres
--

CREATE TABLE public.auth_permission (
    id integer NOT NULL,
    name character varying(255) NOT NULL,
    content_type_id integer NOT NULL,
    codename character varying(100) NOT NULL
);


ALTER TABLE public.auth_permission OWNER TO postgres;

--
-- Name: auth_permission_id_seq; Type: SEQUENCE; Schema: public; Owner: postgres
--

ALTER TABLE public.auth_permission ALTER COLUMN id ADD GENERATED BY DEFAULT AS IDENTITY (
    SEQUENCE NAME public.auth_permission_id_seq
    START WITH 1
    INCREMENT BY 1
    NO MINVALUE
    NO MAXVALUE
    CACHE 1
);


--
-- Name: django_admin_log; Type: TABLE; Schema: public; Owner: postgres
--

CREATE TABLE public.django_admin_log (
    id integer NOT NULL,
    action_time timestamp with time zone NOT NULL,
    object_id text,
    object_repr character varying(200) NOT NULL,
    action_flag smallint NOT NULL,
    change_message text NOT NULL,
    content_type_id integer,
    user_id bigint NOT NULL,
    CONSTRAINT django_admin_log_action_flag_check CHECK ((action_flag >= 0))
);


ALTER TABLE public.django_admin_log OWNER TO postgres;

--
-- Name: django_admin_log_id_seq; Type: SEQUENCE; Schema: public; Owner: postgres
--

ALTER TABLE public.django_admin_log ALTER COLUMN id ADD GENERATED BY DEFAULT AS IDENTITY (
    SEQUENCE NAME public.django_admin_log_id_seq
    START WITH 1
    INCREMENT BY 1
    NO MINVALUE
    NO MAXVALUE
    CACHE 1
);


--
-- Name: django_content_type; Type: TABLE; Schema: public; Owner: postgres
--

CREATE TABLE public.django_content_type (
    id integer NOT NULL,
    app_label character varying(100) NOT NULL,
    model character varying(100) NOT NULL
);


ALTER TABLE public.django_content_type OWNER TO postgres;

--
-- Name: django_content_type_id_seq; Type: SEQUENCE; Schema: public; Owner: postgres
--

ALTER TABLE public.django_content_type ALTER COLUMN id ADD GENERATED BY DEFAULT AS IDENTITY (
    SEQUENCE NAME public.django_content_type_id_seq
    START WITH 1
    INCREMENT BY 1
    NO MINVALUE
    NO MAXVALUE
    CACHE 1
);


--
-- Name: django_migrations; Type: TABLE; Schema: public; Owner: postgres
--

CREATE TABLE public.django_migrations (
    id bigint NOT NULL,
    app character varying(255) NOT NULL,
    name character varying(255) NOT NULL,
    applied timestamp with time zone NOT NULL
);


ALTER TABLE public.django_migrations OWNER TO postgres;

--
-- Name: django_migrations_id_seq; Type: SEQUENCE; Schema: public; Owner: postgres
--

ALTER TABLE public.django_migrations ALTER COLUMN id ADD GENERATED BY DEFAULT AS IDENTITY (
    SEQUENCE NAME public.django_migrations_id_seq
    START WITH 1
    INCREMENT BY 1
    NO MINVALUE
    NO MAXVALUE
    CACHE 1
);


--
-- Name: django_session; Type: TABLE; Schema: public; Owner: postgres
--

CREATE TABLE public.django_session (
    session_key character varying(40) NOT NULL,
    session_data text NOT NULL,
    expire_date timestamp with time zone NOT NULL
);


ALTER TABLE public.django_session OWNER TO postgres;

--
-- Name: tickets_equipement; Type: TABLE; Schema: public; Owner: postgres
--

CREATE TABLE public.tickets_equipement (
    id bigint NOT NULL,
    nom character varying(100) NOT NULL,
    type_equipement character varying(100) NOT NULL,
    modele character varying(100) NOT NULL,
    localisation character varying(200) NOT NULL,
    criticite character varying(20) NOT NULL,
    historique text NOT NULL,
    date_installation date,
    fabricant character varying(100) NOT NULL
);


ALTER TABLE public.tickets_equipement OWNER TO postgres;

--
-- Name: tickets_equipement_id_seq; Type: SEQUENCE; Schema: public; Owner: postgres
--

ALTER TABLE public.tickets_equipement ALTER COLUMN id ADD GENERATED BY DEFAULT AS IDENTITY (
    SEQUENCE NAME public.tickets_equipement_id_seq
    START WITH 1
    INCREMENT BY 1
    NO MINVALUE
    NO MAXVALUE
    CACHE 1
);


--
-- Name: tickets_notification; Type: TABLE; Schema: public; Owner: postgres
--

CREATE TABLE public.tickets_notification (
    id bigint NOT NULL,
    message text NOT NULL,
    est_lue boolean NOT NULL,
    date_creation timestamp with time zone NOT NULL,
    lien character varying(200) NOT NULL,
    utilisateur_id bigint NOT NULL,
    ticket_id bigint
);


ALTER TABLE public.tickets_notification OWNER TO postgres;

--
-- Name: tickets_notification_id_seq; Type: SEQUENCE; Schema: public; Owner: postgres
--

ALTER TABLE public.tickets_notification ALTER COLUMN id ADD GENERATED BY DEFAULT AS IDENTITY (
    SEQUENCE NAME public.tickets_notification_id_seq
    START WITH 1
    INCREMENT BY 1
    NO MINVALUE
    NO MAXVALUE
    CACHE 1
);


--
-- Name: tickets_suggestionia; Type: TABLE; Schema: public; Owner: postgres
--

CREATE TABLE public.tickets_suggestionia (
    id bigint NOT NULL,
    cause_racine text NOT NULL,
    liste_controle text NOT NULL,
    pieces_detachees text NOT NULL,
    confiance numeric(3,2) NOT NULL,
    acceptee boolean NOT NULL,
    modifiee boolean NOT NULL,
    commentaire_technicien text NOT NULL,
    date_creation timestamp with time zone NOT NULL,
    modele_ia character varying(50) NOT NULL,
    technicien_id bigint,
    ticket_id bigint NOT NULL
);


ALTER TABLE public.tickets_suggestionia OWNER TO postgres;

--
-- Name: tickets_suggestionia_id_seq; Type: SEQUENCE; Schema: public; Owner: postgres
--

ALTER TABLE public.tickets_suggestionia ALTER COLUMN id ADD GENERATED BY DEFAULT AS IDENTITY (
    SEQUENCE NAME public.tickets_suggestionia_id_seq
    START WITH 1
    INCREMENT BY 1
    NO MINVALUE
    NO MAXVALUE
    CACHE 1
);


--
-- Name: tickets_ticket; Type: TABLE; Schema: public; Owner: postgres
--

CREATE TABLE public.tickets_ticket (
    id bigint NOT NULL,
    titre character varying(200) NOT NULL,
    description text NOT NULL,
    statut character varying(20) NOT NULL,
    priorite character varying(20) NOT NULL,
    date_creation timestamp with time zone NOT NULL,
    date_debut_traitement timestamp with time zone,
    date_resolution timestamp with time zone,
    notes_technicien text NOT NULL,
    createur_id bigint NOT NULL,
    equipement_id bigint NOT NULL,
    technicien_id bigint
);


ALTER TABLE public.tickets_ticket OWNER TO postgres;

--
-- Name: tickets_ticket_id_seq; Type: SEQUENCE; Schema: public; Owner: postgres
--

ALTER TABLE public.tickets_ticket ALTER COLUMN id ADD GENERATED BY DEFAULT AS IDENTITY (
    SEQUENCE NAME public.tickets_ticket_id_seq
    START WITH 1
    INCREMENT BY 1
    NO MINVALUE
    NO MAXVALUE
    CACHE 1
);


--
-- Name: tickets_utilisateur; Type: TABLE; Schema: public; Owner: postgres
--

CREATE TABLE public.tickets_utilisateur (
    id bigint NOT NULL,
    password character varying(128) NOT NULL,
    last_login timestamp with time zone,
    is_superuser boolean NOT NULL,
    username character varying(150) NOT NULL,
    first_name character varying(150) NOT NULL,
    last_name character varying(150) NOT NULL,
    email character varying(254) NOT NULL,
    is_staff boolean NOT NULL,
    is_active boolean NOT NULL,
    date_joined timestamp with time zone NOT NULL,
    role character varying(20) NOT NULL
);


ALTER TABLE public.tickets_utilisateur OWNER TO postgres;

--
-- Name: tickets_utilisateur_groups; Type: TABLE; Schema: public; Owner: postgres
--

CREATE TABLE public.tickets_utilisateur_groups (
    id bigint NOT NULL,
    utilisateur_id bigint NOT NULL,
    group_id integer NOT NULL
);


ALTER TABLE public.tickets_utilisateur_groups OWNER TO postgres;

--
-- Name: tickets_utilisateur_groups_id_seq; Type: SEQUENCE; Schema: public; Owner: postgres
--

ALTER TABLE public.tickets_utilisateur_groups ALTER COLUMN id ADD GENERATED BY DEFAULT AS IDENTITY (
    SEQUENCE NAME public.tickets_utilisateur_groups_id_seq
    START WITH 1
    INCREMENT BY 1
    NO MINVALUE
    NO MAXVALUE
    CACHE 1
);


--
-- Name: tickets_utilisateur_id_seq; Type: SEQUENCE; Schema: public; Owner: postgres
--

ALTER TABLE public.tickets_utilisateur ALTER COLUMN id ADD GENERATED BY DEFAULT AS IDENTITY (
    SEQUENCE NAME public.tickets_utilisateur_id_seq
    START WITH 1
    INCREMENT BY 1
    NO MINVALUE
    NO MAXVALUE
    CACHE 1
);


--
-- Name: tickets_utilisateur_user_permissions; Type: TABLE; Schema: public; Owner: postgres
--

CREATE TABLE public.tickets_utilisateur_user_permissions (
    id bigint NOT NULL,
    utilisateur_id bigint NOT NULL,
    permission_id integer NOT NULL
);


ALTER TABLE public.tickets_utilisateur_user_permissions OWNER TO postgres;

--
-- Name: tickets_utilisateur_user_permissions_id_seq; Type: SEQUENCE; Schema: public; Owner: postgres
--

ALTER TABLE public.tickets_utilisateur_user_permissions ALTER COLUMN id ADD GENERATED BY DEFAULT AS IDENTITY (
    SEQUENCE NAME public.tickets_utilisateur_user_permissions_id_seq
    START WITH 1
    INCREMENT BY 1
    NO MINVALUE
    NO MAXVALUE
    CACHE 1
);


--
-- Name: token_blacklist_blacklistedtoken; Type: TABLE; Schema: public; Owner: postgres
--

CREATE TABLE public.token_blacklist_blacklistedtoken (
    id bigint NOT NULL,
    blacklisted_at timestamp with time zone NOT NULL,
    token_id bigint NOT NULL
);


ALTER TABLE public.token_blacklist_blacklistedtoken OWNER TO postgres;

--
-- Name: token_blacklist_blacklistedtoken_id_seq; Type: SEQUENCE; Schema: public; Owner: postgres
--

ALTER TABLE public.token_blacklist_blacklistedtoken ALTER COLUMN id ADD GENERATED BY DEFAULT AS IDENTITY (
    SEQUENCE NAME public.token_blacklist_blacklistedtoken_id_seq
    START WITH 1
    INCREMENT BY 1
    NO MINVALUE
    NO MAXVALUE
    CACHE 1
);


--
-- Name: token_blacklist_outstandingtoken; Type: TABLE; Schema: public; Owner: postgres
--

CREATE TABLE public.token_blacklist_outstandingtoken (
    id bigint NOT NULL,
    token text NOT NULL,
    created_at timestamp with time zone,
    expires_at timestamp with time zone NOT NULL,
    user_id bigint,
    jti character varying(255) CONSTRAINT token_blacklist_outstandingtoken_jti_hex_not_null NOT NULL
);


ALTER TABLE public.token_blacklist_outstandingtoken OWNER TO postgres;

--
-- Name: token_blacklist_outstandingtoken_id_seq; Type: SEQUENCE; Schema: public; Owner: postgres
--

ALTER TABLE public.token_blacklist_outstandingtoken ALTER COLUMN id ADD GENERATED BY DEFAULT AS IDENTITY (
    SEQUENCE NAME public.token_blacklist_outstandingtoken_id_seq
    START WITH 1
    INCREMENT BY 1
    NO MINVALUE
    NO MAXVALUE
    CACHE 1
);


--
-- Data for Name: auth_group; Type: TABLE DATA; Schema: public; Owner: postgres
--

COPY public.auth_group (id, name) FROM stdin;
\.


--
-- Data for Name: auth_group_permissions; Type: TABLE DATA; Schema: public; Owner: postgres
--

COPY public.auth_group_permissions (id, group_id, permission_id) FROM stdin;
\.


--
-- Data for Name: auth_permission; Type: TABLE DATA; Schema: public; Owner: postgres
--

COPY public.auth_permission (id, name, content_type_id, codename) FROM stdin;
1	Can add log entry	1	add_logentry
2	Can change log entry	1	change_logentry
3	Can delete log entry	1	delete_logentry
4	Can view log entry	1	view_logentry
5	Can add permission	2	add_permission
6	Can change permission	2	change_permission
7	Can delete permission	2	delete_permission
8	Can view permission	2	view_permission
9	Can add group	3	add_group
10	Can change group	3	change_group
11	Can delete group	3	delete_group
12	Can view group	3	view_group
13	Can add content type	4	add_contenttype
14	Can change content type	4	change_contenttype
15	Can delete content type	4	delete_contenttype
16	Can view content type	4	view_contenttype
17	Can add session	5	add_session
18	Can change session	5	change_session
19	Can delete session	5	delete_session
20	Can view session	5	view_session
21	Can add Blacklisted Token	6	add_blacklistedtoken
22	Can change Blacklisted Token	6	change_blacklistedtoken
23	Can delete Blacklisted Token	6	delete_blacklistedtoken
24	Can view Blacklisted Token	6	view_blacklistedtoken
25	Can add Outstanding Token	7	add_outstandingtoken
26	Can change Outstanding Token	7	change_outstandingtoken
27	Can delete Outstanding Token	7	delete_outstandingtoken
28	Can view Outstanding Token	7	view_outstandingtoken
29	Can add Équipement	8	add_equipement
30	Can change Équipement	8	change_equipement
31	Can delete Équipement	8	delete_equipement
32	Can view Équipement	8	view_equipement
33	Can add Utilisateur	9	add_utilisateur
34	Can change Utilisateur	9	change_utilisateur
35	Can delete Utilisateur	9	delete_utilisateur
36	Can view Utilisateur	9	view_utilisateur
37	Can add Ticket	10	add_ticket
38	Can change Ticket	10	change_ticket
39	Can delete Ticket	10	delete_ticket
40	Can view Ticket	10	view_ticket
41	Can add Suggestion IA	11	add_suggestionia
42	Can change Suggestion IA	11	change_suggestionia
43	Can delete Suggestion IA	11	delete_suggestionia
44	Can view Suggestion IA	11	view_suggestionia
45	Can add Notification	12	add_notification
46	Can change Notification	12	change_notification
47	Can delete Notification	12	delete_notification
48	Can view Notification	12	view_notification
\.


--
-- Data for Name: django_admin_log; Type: TABLE DATA; Schema: public; Owner: postgres
--

COPY public.django_admin_log (id, action_time, object_id, object_repr, action_flag, change_message, content_type_id, user_id) FROM stdin;
1	2026-04-29 13:55:02.014475+01	1	admin_aya (Opérateur)	2	[{"changed": {"fields": ["First name", "Last name"]}}]	9	1
2	2026-04-29 13:55:28.320364+01	1	admin_aya (Responsable)	2	[{"changed": {"fields": ["Last name", "Role"]}}]	9	1
3	2026-04-30 10:17:22.678134+01	1	admin_aya (Responsable)	2	[]	9	1
4	2026-05-04 13:42:13.364127+01	3	technicien1 (Technicien)	2	[{"changed": {"fields": ["Email address"]}}]	9	1
5	2026-05-05 10:08:49.262295+01	4	responsable1 (Responsable)	2	[{"changed": {"fields": ["Email address"]}}]	9	1
6	2026-05-05 10:09:05.695027+01	2	operateur1 (Opérateur)	2	[{"changed": {"fields": ["Email address"]}}]	9	1
7	2026-05-05 14:04:21.290697+01	7	Ticket #7 - explosion	1	[{"added": {}}]	10	1
8	2026-05-06 12:14:07.729399+01	3	convoyeur C-301 (convoyeur)	1	[{"added": {}}]	8	1
9	2026-06-10 12:08:01.832072+01	4	Granulateur G-550 (Granulateur à disque)	1	[{"added": {}}]	8	1
10	2026-06-10 12:09:11.012591+01	5	Centrifugeuse C-220 (Centrifugeuse horizontale)	1	[{"added": {}}]	8	1
11	2026-06-10 12:19:57.29332+01	3	Convoyeur à bande C-301 (Convoyeur à bande industrielle)	2	[{"changed": {"fields": ["Nom", "Type equipement", "Modele", "Historique", "Fabricant"]}}]	8	1
12	2026-06-10 12:23:25.486661+01	1	Pompe centrifuge P-101 (Pompe centrifuge)	2	[{"changed": {"fields": ["Nom", "Type equipement", "Modele", "Historique", "Date installation", "Fabricant"]}}]	8	1
13	2026-06-10 12:24:36.777285+01	2	Mélangeur industriel M-203 (Mélangeur industriel à double hélice)	2	[{"changed": {"fields": ["Nom", "Type equipement", "Modele", "Localisation", "Historique", "Date installation", "Fabricant"]}}]	8	1
\.


--
-- Data for Name: django_content_type; Type: TABLE DATA; Schema: public; Owner: postgres
--

COPY public.django_content_type (id, app_label, model) FROM stdin;
1	admin	logentry
2	auth	permission
3	auth	group
4	contenttypes	contenttype
5	sessions	session
6	token_blacklist	blacklistedtoken
7	token_blacklist	outstandingtoken
8	tickets	equipement
9	tickets	utilisateur
10	tickets	ticket
11	tickets	suggestionia
12	tickets	notification
\.


--
-- Data for Name: django_migrations; Type: TABLE DATA; Schema: public; Owner: postgres
--

COPY public.django_migrations (id, app, name, applied) FROM stdin;
1	contenttypes	0001_initial	2026-04-29 11:39:58.359212+01
2	contenttypes	0002_remove_content_type_name	2026-04-29 11:39:58.386087+01
3	auth	0001_initial	2026-04-29 11:39:58.434+01
4	auth	0002_alter_permission_name_max_length	2026-04-29 11:39:58.449973+01
5	auth	0003_alter_user_email_max_length	2026-04-29 11:39:58.460927+01
6	auth	0004_alter_user_username_opts	2026-04-29 11:39:58.467436+01
7	auth	0005_alter_user_last_login_null	2026-04-29 11:39:58.475807+01
8	auth	0006_require_contenttypes_0002	2026-04-29 11:39:58.475807+01
9	auth	0007_alter_validators_add_error_messages	2026-04-29 11:39:58.484222+01
10	auth	0008_alter_user_username_max_length	2026-04-29 11:39:58.496874+01
11	auth	0009_alter_user_last_name_max_length	2026-04-29 11:39:58.503229+01
12	auth	0010_alter_group_name_max_length	2026-04-29 11:39:58.519063+01
13	auth	0011_update_proxy_permissions	2026-04-29 11:39:58.529233+01
14	auth	0012_alter_user_first_name_max_length	2026-04-29 11:39:58.536534+01
15	tickets	0001_initial	2026-04-29 11:39:58.646097+01
16	admin	0001_initial	2026-04-29 11:39:58.6889+01
17	admin	0002_logentry_remove_auto_add	2026-04-29 11:39:58.699068+01
18	admin	0003_logentry_add_action_flag_choices	2026-04-29 11:39:58.709454+01
19	sessions	0001_initial	2026-04-29 11:39:58.727136+01
20	token_blacklist	0001_initial	2026-04-29 11:39:58.771603+01
21	token_blacklist	0002_outstandingtoken_jti_hex	2026-04-29 11:39:58.775632+01
22	token_blacklist	0003_auto_20171017_2007	2026-04-29 11:39:58.792572+01
23	token_blacklist	0004_auto_20171017_2013	2026-04-29 11:39:58.812474+01
24	token_blacklist	0005_remove_outstandingtoken_jti	2026-04-29 11:39:58.8177+01
25	token_blacklist	0006_auto_20171017_2113	2026-04-29 11:39:58.83702+01
26	token_blacklist	0007_auto_20171017_2214	2026-04-29 11:39:58.881497+01
27	token_blacklist	0008_migrate_to_bigautofield	2026-04-29 11:39:58.933367+01
28	token_blacklist	0010_fix_migrate_to_bigautofield	2026-04-29 11:39:58.967194+01
29	token_blacklist	0011_linearizes_history	2026-04-29 11:39:58.970187+01
30	token_blacklist	0012_alter_outstandingtoken_user	2026-04-29 11:39:58.976186+01
31	token_blacklist	0013_alter_blacklistedtoken_options_and_more	2026-04-29 11:39:58.996853+01
\.


--
-- Data for Name: django_session; Type: TABLE DATA; Schema: public; Owner: postgres
--

COPY public.django_session (session_key, session_data, expire_date) FROM stdin;
0wvk3v8gd7yebhd6qq1hxue1cg7a3lvi	.eJxVi8EKwjAQRP8lZynZZq0bbwp-R9h0tySoEUx6Ev_dFDzobWbevJcJvLYU1qrPkMUcDZjd7xZ5vmrZQMs9tTpsTEtv3PKjDJc759upb-fv809PXFN3CWGExUVFQrVEkZAOEzAsOMnIThA86R6tME0oHp2zqko-irPoZ_P-AHLPNtQ:1wKBkw:UNqqH-p7pdDmPp-DUIIBEI7Td8adG6TwSf-ho4JPaRY	2026-05-19 10:07:54.715867+01
7as8o79lyxrgn6xc07d5x8odimgswdhd	.eJxVi8EKwjAQRP8lZynZZq0bbwp-R9h0tySoEUx6Ev_dFDzobWbevJcJvLYU1qrPkMUcDZjd7xZ5vmrZQMs9tTpsTEtv3PKjDJc759upb-fv809PXFN3CWGExUVFQrVEkZAOEzAsOMnIThA86R6tME0oHp2zqko-irPoZ_P-AHLPNtQ:1wXGfl:XRn3Ccsz-pRGUURUK22FejFyIQJULHzuOYpwoApEc3c	2026-06-24 12:00:37.894665+01
\.


--
-- Data for Name: tickets_equipement; Type: TABLE DATA; Schema: public; Owner: postgres
--

COPY public.tickets_equipement (id, nom, type_equipement, modele, localisation, criticite, historique, date_installation, fabricant) FROM stdin;
3	Convoyeur à bande C-301	Convoyeur à bande industrielle	C-301 / BeltMaster 800	OIJ/P	basse	[10/06/2026 10:38] - Ticket #25 - Ticket créé : Convoyeur C-301 - Courroie déchirée longitudinalement - Priorité basse\r\n[10/06/2026 10:47] - Ticket #25 - Statut modifié : Ouvert → En cours\r\n[10/06/2026 10:47] - Ticket #25 - Ticket assigné : À technicien2	2026-03-12	ConvoyTech Industries
1	Pompe centrifuge P-101	Pompe centrifuge	FlowMax 6x4	Atelier A	haute	[15/05/2026 22:16] - Ticket #22 - Ticket créé : Pompe hydraulique P-101 ne démarre plus - Priorité haute\r\n[15/05/2026 22:17] - Ticket #22 - Statut modifié : Ouvert → En cours\r\n[15/05/2026 22:17] - Ticket #22 - Ticket assigné : À technicien1\r\n[02/06/2026 09:34] - Ticket #22 - Statut modifié : En cours → Résolu\r\n[02/06/2026 09:34] - Ticket #22 - Notes technicien : changement du moteur\r\n[02/06/2026 09:34] - Ticket #22 - Ticket résolu\r\n[10/06/2026 10:38] - Ticket #23 - Ticket créé : Pompe hydraulique P-101 - Bruit anormal et perte de débit - Priorité urgente	2022-08-20	FlowTech
2	Mélangeur industriel M-203	Mélangeur industriel à double hélice	M-203 / MixPro X3	Atelier Préparation - Ligne Engrais	critique	remplacement joitns\r\n[10/06/2026 10:38] - Ticket #24 - Ticket créé : Mélangeur M-203 - Arrêt intempestif en pleine production - Priorité urgente\r\n[10/06/2026 10:46] - Ticket #26 - Ticket créé : Mélangeur M-203 - Fuite de produit au niveau du joint de cuve - Priorité urgente	2023-03-15	MixTech Industries
4	Granulateur G-550	Granulateur à disque	G-550 / GranTech 3000	Atelier Granulation - Niveau 2	critique		2024-10-02	GranTech Industries
5	Centrifugeuse C-220	Centrifugeuse horizontale	C-220 / SepaSys X1	Atelier Séparation - Zone humide	haute	[10/06/2026 11:14] - Ticket #27 - Ticket créé : Centrifugeuse C-220 - Vibrations anormales à la montée en vitesse - Priorité urgente\n[10/06/2026 11:15] - Ticket #28 - Ticket créé : Centrifugeuse C-220 - Bruit métallique anormal en phase de décharge - Priorité haute\n[10/06/2026 11:15] - Ticket #28 - Statut modifié : Ouvert → En cours\n[10/06/2026 11:15] - Ticket #28 - Ticket assigné : À technicien1\n[10/06/2026 11:17] - Ticket #28 - Statut modifié : En cours → En attente de pièces	2023-10-18	SepaSystems GmbH
\.


--
-- Data for Name: tickets_notification; Type: TABLE DATA; Schema: public; Owner: postgres
--

COPY public.tickets_notification (id, message, est_lue, date_creation, lien, utilisateur_id, ticket_id) FROM stdin;
8	Vous avez été assigné au ticket #3 : Nouvelle panne	t	2026-05-12 15:17:47.517793+01	/tickets/3	3	3
7	Vous avez été assigné au ticket #11 : bloquage	t	2026-05-11 10:25:56.52475+01	/tickets/11	3	11
6	Vous avez été assigné au ticket #10 : Bruit	t	2026-05-11 10:25:29.953753+01	/tickets/10	3	10
22	Nouveau ticket #21 : bruit – Priorité : haute	t	2026-05-13 10:40:01.578452+01	/tickets/21	3	21
23	Vous avez été assigné au ticket #21 : bruit	t	2026-05-13 10:40:49.366465+01	/tickets/21	3	21
24	Le ticket #21 « bruit » est maintenant : attente pieces	t	2026-05-13 11:21:55.398221+01	/tickets/21	2	21
28	Vous avez été assigné au ticket #22 : Pompe hydraulique P-101 ne démarre plus	t	2026-05-15 23:17:14.69141+01	/tickets/22	3	22
29	Le ticket #22 « Pompe hydraulique P-101 ne démarre plus » est maintenant : resolu	f	2026-06-02 10:34:20.704561+01	/tickets/22	2	22
27	Nouveau ticket #22 : Pompe hydraulique P-101 ne démarre plus – Priorité : haute	t	2026-05-15 23:16:28.508711+01	/tickets/22	3	22
30	Nouveau ticket #23 : Pompe hydraulique P-101 - Bruit anormal et perte de débit – Priorité : urgente	f	2026-06-10 11:38:12.369934+01	/tickets/23	3	23
31	Nouveau ticket #24 : Mélangeur M-203 - Arrêt intempestif en pleine production – Priorité : urgente	f	2026-06-10 11:38:32.369991+01	/tickets/24	3	24
32	Nouveau ticket #25 : Convoyeur C-301 - Courroie déchirée longitudinalement – Priorité : basse	f	2026-06-10 11:38:49.832481+01	/tickets/25	3	25
33	Nouveau ticket #26 : Mélangeur M-203 - Fuite de produit au niveau du joint de cuve – Priorité : urgente	f	2026-06-10 11:46:51.902536+01	/tickets/26	3	26
34	Nouveau ticket #26 : Mélangeur M-203 - Fuite de produit au niveau du joint de cuve – Priorité : urgente	f	2026-06-10 11:46:51.902536+01	/tickets/26	11	26
35	Vous avez été assigné au ticket #25 : Convoyeur C-301 - Courroie déchirée longitudinalement	f	2026-06-10 11:47:21.80576+01	/tickets/25	11	25
36	Nouveau ticket #27 : Centrifugeuse C-220 - Vibrations anormales à la montée en vitesse – Priorité : urgente	f	2026-06-10 12:14:56.104648+01	/tickets/27	11	27
37	Nouveau ticket #27 : Centrifugeuse C-220 - Vibrations anormales à la montée en vitesse – Priorité : urgente	f	2026-06-10 12:14:56.104648+01	/tickets/27	3	27
38	Nouveau ticket #28 : Centrifugeuse C-220 - Bruit métallique anormal en phase de décharge – Priorité : haute	f	2026-06-10 12:15:16.606956+01	/tickets/28	11	28
39	Nouveau ticket #28 : Centrifugeuse C-220 - Bruit métallique anormal en phase de décharge – Priorité : haute	f	2026-06-10 12:15:16.606956+01	/tickets/28	3	28
40	Vous avez été assigné au ticket #28 : Centrifugeuse C-220 - Bruit métallique anormal en phase de décharge	f	2026-06-10 12:15:32.992264+01	/tickets/28	3	28
41	Le ticket #28 « Centrifugeuse C-220 - Bruit métallique anormal en phase de décharge » est maintenant : attente pieces	f	2026-06-10 12:17:41.372545+01	/tickets/28	10	28
\.


--
-- Data for Name: tickets_suggestionia; Type: TABLE DATA; Schema: public; Owner: postgres
--

COPY public.tickets_suggestionia (id, cause_racine, liste_controle, pieces_detachees, confiance, acceptee, modifiee, commentaire_technicien, date_creation, modele_ia, technicien_id, ticket_id) FROM stdin;
12	Usure des joints d'étanchéité et cavitation probable due à une pression d'aspiration insuffisante.	Vérifier la pression d'aspiration (min. 0.5 bar)\nInspecter visuellement les joints mécaniques\nContrôler le niveau et la qualité du lubrifiant\nMesurer les vibrations avec l'accéléromètre\nVérifier l'alignement pompe-moteur\nContrôler la température des paliers (max. 70°C)	Joint mécanique double\nRoulement à billes SKF 6205\nGarniture de presse-étoupe\nJoint torique NBR 50x3	0.88	f	f		2026-05-11 10:26:30.219062+01	gemini-1.5-flash	3	10
13	Anomalie de fonctionnement – origine électromécanique probable.	Mettre l'équipement hors tension et consigner\nInspecter visuellement les composants accessibles\nContrôler les connexions électriques et mécaniques\nMesurer les paramètres opérationnels (température, vibrations, courant)\nVérifier les niveaux de fluides\nTester les dispositifs de sécurité	Kit de joints universel\nFusibles de protection (jeu)\nLubrifiant multifonction	0.70	f	f		2026-05-11 10:33:27.918053+01	gemini-1.5-flash	3	11
15	Usure des joints d'étanchéité et cavitation probable due à une pression d'aspiration insuffisante.	Vérifier la pression d'aspiration (min. 0.5 bar)\nInspecter visuellement les joints mécaniques\nContrôler le niveau et la qualité du lubrifiant\nMesurer les vibrations avec l'accéléromètre\nVérifier l'alignement pompe-moteur\nContrôler la température des paliers (max. 70°C)	Joint mécanique double\nRoulement à billes SKF 6205\nGarniture de presse-étoupe\nJoint torique NBR 50x3	0.88	f	f		2026-05-11 10:45:44.19754+01	gemini-1.5-flash	3	10
16	Anomalie de fonctionnement – origine électromécanique probable.	Mettre l'équipement hors tension et consigner\nInspecter visuellement les composants accessibles\nContrôler les connexions électriques et mécaniques\nMesurer les paramètres opérationnels (température, vibrations, courant)\nVérifier les niveaux de fluides\nTester les dispositifs de sécurité	Kit de joints universel\nFusibles de protection (jeu)\nLubrifiant multifonction	0.70	f	f		2026-05-11 10:46:03.385786+01	gemini-1.5-flash	3	2
18	Usure des joints d'étanchéité et cavitation probable due à une pression d'aspiration insuffisante.	Vérifier la pression d'aspiration (min. 0.5 bar)\nInspecter visuellement les joints mécaniques\nContrôler le niveau et la qualité du lubrifiant\nMesurer les vibrations avec l'accéléromètre\nVérifier l'alignement pompe-moteur\nContrôler la température des paliers (max. 70°C)	Joint mécanique double\nRoulement à billes SKF 6205\nGarniture de presse-étoupe\nJoint torique NBR 50x3	0.88	f	f		2026-05-12 15:17:59.302674+01	gemini-1.5-flash	3	3
26	Défaillance des roulements (pompe ou moteur) ou désalignement de l'accouplement, entraînant frottement et surchauffe.	Vérifier la température des roulements de la pompe et du moteur avec un thermomètre infrarouge.\nÉcouter attentivement le bruit avec un stéthoscope industriel pour localiser la source (pompe, moteur, accouplement).\nVérifier l'alignement de l'accouplement entre la pompe et le moteur.\nInspecter visuellement la pompe et le moteur pour des fuites (garniture mécanique) ou des vibrations excessives.\nVérifier les niveaux et la qualité de lubrification des roulements.\nMesurer les vibrations de la pompe et du moteur pour identifier la fréquence et la source du problème.\nVérifier les paramètres de fonctionnement (pression d'aspiration/refoulement, débit) pour détecter une cavitation ou un fonctionnement hors point optimal.\nVérifier l'ampérage du moteur pour détecter une surcharge.	Roulements de pompe\nRoulements de moteur\nGarniture mécanique (si fuite ou surchauffe localisée)\nJoints d'étanchéité\nÉléments d'accouplement (si usure ou désalignement)\nHuile/graisse de lubrification	0.88	f	f		2026-05-13 10:41:01.583242+01	gemini-1.5-flash	3	21
27	Usure avancée des roulements de la pompe ou du moteur, ou un désalignement de l'accouplement, entraînant une friction excessive et une surchauffe. La cavitation est également une possibilité, générant bruit et chaleur.	Vérifier la température des roulements de la pompe et du moteur à l'aide d'un thermomètre infrarouge.\nÉcouter attentivement le bruit avec un stéthoscope industriel pour localiser précisément la source (roulements, accouplement, moteur, corps de pompe).\nContrôler l'alignement de l'accouplement entre la pompe et le moteur.\nInspecter le niveau et la qualité du lubrifiant des roulements (si applicable).\nEffectuer une analyse vibratoire si l'équipement est disponible pour identifier les fréquences de défaut (roulements, balourd, désalignement).\nVérifier les pressions d'aspiration et de refoulement pour détecter des signes de cavitation (chute de pression à l'aspiration, variations de débit).\nAprès consignation et arrêt, inspecter visuellement l'impulseur et le corps de pompe pour des obstructions ou des dommages.	Jeu de roulements (pompe et moteur)\nGarniture mécanique ou tresses d'étanchéité (si affectées par la chaleur ou usées)\nLubrifiant/Graisse approprié\nÉléments d'accouplement (si endommagés par le désalignement)\nImpulseur (si endommagé par cavitation ou corps étranger)	0.90	t	f		2026-05-13 11:18:18.574252+01	gemini-1.5-flash	3	21
29	Défaillance électrique (alimentation, contacteur, moteur) ou blocage mécanique de la pompe.	Vérifier l'alimentation électrique générale (disjoncteur, fusibles, sectionneur) et la présence de tension aux bornes du moteur.\nContrôler l'état du contacteur et du relais thermique (réarmement, bobine, contacts).\nS'assurer que l'arrêt d'urgence n'est pas activé et qu'il n'y a pas de défaut sur le système de contrôle (PLC, capteurs de niveau, pressostats).\nTenter de faire tourner l'arbre de la pompe manuellement (après consignation et sécurisation) pour détecter un blocage mécanique.\nMesurer la continuité et l'isolement des enroulements du moteur pour détecter un court-circuit ou une coupure.\nInspecter visuellement le bornier du moteur et les câblages pour des signes de surchauffe, corrosion ou connexion lâche.	Contacteur moteur\nRelais thermique\nMoteur électrique (si défaillance interne confirmée)\nFusibles / Disjoncteur\nRoulements de pompe/moteur (si blocage mécanique)	0.85	f	f		2026-05-14 10:30:58.548407+01	gemini-1.5-flash	3	4
30	Perte d'alimentation électrique au niveau du circuit de puissance ou de commande de la pompe.	Vérifier l'état du disjoncteur moteur et/ou du disjoncteur général de la ligne d'alimentation de la pompe.\nMesurer la tension aux bornes d'entrée du coffret électrique de la pompe pour confirmer la présence de l'alimentation principale.\nInspecter visuellement et tester la continuité des fusibles de protection (circuit de puissance et de commande) dans le coffret électrique.\nVérifier l'état des contacteurs et relais de puissance/commande (état de la bobine, propreté et fonctionnement des contacts).\nS'assurer qu'aucun bouton d'arrêt d'urgence n'est activé et que les interrupteurs de sécurité (portes, niveaux, etc.) sont en position correcte.\nContrôler l'intégrité du câblage d'alimentation et de commande depuis la source jusqu'à la pompe pour détecter toute coupure ou déconnexion.\nTester le voyant d'alimentation lui-même pour s'assurer qu'il n'est pas défectueux (peut être une cause secondaire).\nVérifier les sorties du système de contrôle (PLC, DCS) si la pompe est automatisée, pour s'assurer qu'un signal de démarrage est envoyé.	Fusibles de rechange (divers calibres)\nContacteur de puissance\nRelais de commande\nVoyant d'alimentation\nCâbles électriques (si dommage visible)	0.95	t	f		2026-05-18 11:21:37.356051+01	gemini-1.5-flash	3	22
32	Défaillance des roulements, désalignement de l'arbre ou frottement de l'impulseur/carter.	Vérifier la température des roulements et du corps de pompe (thermique).\nEffectuer une analyse vibratoire détaillée pour localiser la source exacte du bruit et confirmer l'état des roulements.\nContrôler le niveau et la qualité du lubrifiant des roulements (huile ou graisse).\nInspecter l'alignement de l'accouplement entre la pompe et le moteur.\nVérifier les pressions d'aspiration et de refoulement pour détecter des signes de cavitation.\nInspecter visuellement l'impulseur et le corps de pompe pour des signes de frottement ou d'usure (nécessite un arrêt et une ouverture).\nConsulter les rapports et actions en cours du ticket #10 (Vibrations excessives pompe hydraulique).	Jeu de roulements (côté pompe et côté moteur si applicable)\nGarniture mécanique (si démontage de la pompe)\nJoints et O-rings associés\nLubrifiant (huile ou graisse spécifique)\nImpulseur (si usure ou dommage confirmé)\nÉléments d'accouplement (si désalignement ou usure)	0.88	f	f		2026-06-10 01:43:12.090808+01	gemini-1.5-flash	3	21
33	Désalignement de l'ensemble racleur ou usure des paliers/roulements du panier entraînant un faux-rond excessif, potentiellement exacerbé par les vibrations anormales signalées précédemment.	Consigner l'équipement et sécuriser la zone selon les procédures LOTO.\nEffectuer une inspection visuelle détaillée du racleur, de son support, du bras et du panier pour détecter toute déformation, fissure, usure excessive ou desserrage des fixations.\nMesurer précisément le jeu entre la lame du racleur et la surface intérieure du panier sur 360° (radial et axial) à l'aide de cales d'épaisseur ou d'un comparateur.\nVérifier le faux-rond (runout) du panier pour évaluer l'état des paliers/roulements principaux et l'alignement de l'arbre.\nInspecter l'état des paliers/roulements du panier (jeu, bruit, signes de surchauffe, lubrification).\nVérifier le serrage de tous les éléments de fixation de l'ensemble racleur et du panier.\nAjuster ou recalibrer la position du racleur selon les spécifications du fabricant. Si nécessaire, remplacer les cales de réglage.\nSi le faux-rond est excessif, envisager le remplacement des paliers/roulements du panier.\nEffectuer un essai à vide, puis en charge progressive, en surveillant attentivement les vibrations, le bruit et la température des paliers.	Lame de racleur (si usée ou endommagée)\nPaliers/Roulements principaux du panier\nJoints d'étanchéité associés aux paliers\nCales de réglage (shims) pour le racleur\nÉléments de fixation (boulons, écrous, rondelles)	0.90	f	f		2026-06-10 12:15:55.210679+01	gemini-1.5-flash	3	28
\.


--
-- Data for Name: tickets_ticket; Type: TABLE DATA; Schema: public; Owner: postgres
--

COPY public.tickets_ticket (id, titre, description, statut, priorite, date_creation, date_debut_traitement, date_resolution, notes_technicien, createur_id, equipement_id, technicien_id) FROM stdin;
22	Pompe hydraulique P-101 ne démarre plus	La pompe hydraulique P-101 refuse de démarrer. Voyant d'alarme rouge. Disjoncteur non déclenché. Vérifier le circuit de commande.	resolu	haute	2026-05-15 23:16:28.474144+01	2026-05-15 23:17:14.673827+01	2026-06-02 10:34:20.681145+01	changement du moteur	2	1	3
23	Pompe hydraulique P-101 - Bruit anormal et perte de débit	La pompe P-101 émet un bruit de cavitation intense. Le débit a chuté de 40% par rapport à la normale. Pression de sortie instable (oscille entre 80 et 120 bars). La température du boîtier dépasse 75°C. Intervention urgente requise.	ouvert	urgente	2026-06-10 11:38:12.316526+01	\N	\N		10	1	\N
24	Mélangeur M-203 - Arrêt intempestif en pleine production	Le mélangeur s'arrête sans déclencher d'alarme, 4 fois au cours des 8 dernières heures. Le redémarrage est possible après 10 minutes d'attente. Le variateur de vitesse affiche un voyant rouge clignotant. Code erreur non référencé dans la documentation. Production à l'arrêt.	ouvert	urgente	2026-06-10 11:38:32.347578+01	\N	\N		10	2	\N
26	Mélangeur M-203 - Fuite de produit au niveau du joint de cuve	Fuite importante de matière première détectée au niveau du joint de la cuve du mélangeur M-203. Perte estimée à 10 kg par heure. Le joint semble usé et se dégrade. Nécessite un arrêt pour remplacement. Risque de contamination du poste de travail.	ouvert	urgente	2026-06-10 11:46:51.880665+01	\N	\N		2	2	\N
25	Convoyeur C-301 - Courroie déchirée longitudinalement	La courroie du convoyeur principal présente une déchirure de 1.5 mètre dans le sens de la longueur. Des gravats s'accumulent sous la bande. Risque d'arrêt complet si la déchirure s'aggrave. Nécessite un épissage ou remplacement partiel de la bande.	en_cours	basse	2026-06-10 11:38:49.816656+01	2026-06-10 11:47:21.775059+01	\N		10	3	11
27	Centrifugeuse C-220 - Vibrations anormales à la montée en vitesse	La centrifugeuse C-220 présente des vibrations excessives (12 mm/s) lors du passage de 500 à 1500 tr/min. Le capteur d'équilibrage déclenche une alarme. Suspicion de déséquilibre du panier ou usure des silentblocs. Température des paliers normale (55°C). Arrêt préventif effectué.	ouvert	urgente	2026-06-10 12:14:56.084757+01	\N	\N		10	5	\N
28	Centrifugeuse C-220 - Bruit métallique anormal en phase de décharge	Lors de la phase de décharge des solides, un bruit métallique aigu est audible. Le racleur semble frotter contre le panier. Contrôle visuel effectué : traces de contact suspectes sur le fond du panier. Vérification du jeu racleur/panier nécessaire.	attente_pieces	haute	2026-06-10 12:15:16.596861+01	2026-06-10 12:15:32.965037+01	\N		10	5	3
21	Bruit anormal sur pompe hydraulique P-101	Bruit métallique aigu détecté au niveau de la pompe P-101. Le bruit apparaît après 30 minutes de fonctionnement et s'intensifie avec la charge.	attente_pieces	haute	2026-05-13 10:40:01.57101+01	2026-05-13 10:40:49.359491+01	\N		2	1	3
11	Blocage répétitif du mélangeur M-203	Le mélangeur M-203 se bloque 3 fois par heure en moyenne. Nécessite un redémarrage manuel à chaque fois. Soupçon d'un défaut au niveau du variateur de vitesse.	en_cours	urgente	2026-05-06 12:09:13.126704+01	2026-05-11 10:25:56.510482+01	\N		2	2	3
10	Vibrations excessives pompe hydraulique	Vibrations mesurées à 15 mm/s (norme max: 7 mm/s). Risque de casse des fixations. Inspection urgente requise.	en_cours	haute	2026-05-06 12:07:03.435004+01	2026-05-11 10:25:29.937779+01	\N		2	1	3
3	Fuite d'huile sur circuit hydraulique	Fuite importante au niveau du flexible d'alimentation principal. Perte de pression de 40 bars. Niveau d'huile descendu de 30%.	en_cours	haute	2026-04-29 14:06:58.758846+01	2026-05-12 15:17:47.513713+01	\N		2	1	3
4	Arret pompe principale	La pompe principale s'arrête sans déclencher d'alarme. Le redémarrage est possible après 10 minutes. Probablement une surchauffe du moteur.	resolu	urgente	2026-04-30 10:40:01.464768+01	2026-04-30 10:47:04.878924+01	2026-04-30 10:47:55.214079+01		2	1	3
2	Melangeur bruyant	Le mélangeur M-203 émet un bruit de grincement à chaque cycle. Les roulements ont été changés il y a 3 mois. À contrôler.	resolu	urgente	2026-04-29 12:22:52.651229+01	2026-04-29 14:06:15.774568+01	2026-04-29 14:06:32.288993+01	Panne reparee	2	2	3
\.


--
-- Data for Name: tickets_utilisateur; Type: TABLE DATA; Schema: public; Owner: postgres
--

COPY public.tickets_utilisateur (id, password, last_login, is_superuser, username, first_name, last_name, email, is_staff, is_active, date_joined, role) FROM stdin;
11	pbkdf2_sha256$600000$8zn2oH7YdqhAbKE4rgHjS3$gj8oO7a5gy13cVtfQsP30Zt9lJPCokfx8x3efeRHSvw=	\N	f	technicien2	Omar	Benali	technicien2@ocp.ma	f	t	2026-06-10 11:41:40.03101+01	technicien
3	pbkdf2_sha256$600000$rbnbN1mi5ZJFgFBNnm1ALX$0UOAcDID3akr7xaie+xOALlQo7e1JQJhjUVoVVbtc3Y=	\N	f	technicien1	Mohammed	Alaoui	technicien1@ocp.ma	f	t	2026-04-29 11:42:06+01	technicien
2	pbkdf2_sha256$600000$iTPOn4cjnPA8cQQpG8Yj6h$ffFGzfE5nzShzThndWwQFH1RV+Tle7sB483dJkGOpcU=	\N	f	operateur1	Youssef	Bennani	operateur1@ocp.ma	f	t	2026-04-29 11:42:05+01	operateur
4	pbkdf2_sha256$600000$1y2tsB99Gwveqdi8Zk7FUH$h/5qmmlKLPE0N+7MXOE42QTYIO/kO5W1cA+Ro4pibbI=	\N	f	responsable1	Rachid	El Fassi	responsable1@ocp.ma	f	t	2026-04-29 11:42:07+01	responsable
10	pbkdf2_sha256$600000$ucmgBjwp1aBwtqaE852SV8$S5pw635ETqjeZ7vc5eYY7qNOvy6Rl/xyRharGV0utG8=	\N	f	operateur2	Karim	El Mansouri	operateur2@ocp.ma	f	t	2026-06-10 01:51:00.133487+01	operateur
1	pbkdf2_sha256$600000$38nmgShPtuxWlkcOoxxZPw$2uDXs9G0zWB4lzN9A1leJiqXJaYVtHIgKSDK0a7SY7k=	2026-06-10 12:00:37.889117+01	t	admin_aya	Aya	Bouaiba	aya30@gmail.com	t	t	2026-04-29 11:41:02+01	responsable
\.


--
-- Data for Name: tickets_utilisateur_groups; Type: TABLE DATA; Schema: public; Owner: postgres
--

COPY public.tickets_utilisateur_groups (id, utilisateur_id, group_id) FROM stdin;
\.


--
-- Data for Name: tickets_utilisateur_user_permissions; Type: TABLE DATA; Schema: public; Owner: postgres
--

COPY public.tickets_utilisateur_user_permissions (id, utilisateur_id, permission_id) FROM stdin;
\.


--
-- Data for Name: token_blacklist_blacklistedtoken; Type: TABLE DATA; Schema: public; Owner: postgres
--

COPY public.token_blacklist_blacklistedtoken (id, blacklisted_at, token_id) FROM stdin;
1	2026-04-29 14:12:40.89334+01	22
2	2026-04-29 14:13:07.096505+01	24
3	2026-05-05 11:27:58.142598+01	40
4	2026-05-05 11:31:36.605317+01	41
5	2026-05-05 11:32:57.983844+01	42
6	2026-05-05 11:34:32.99316+01	43
7	2026-05-05 11:35:28.859938+01	44
8	2026-05-05 11:35:42.280348+01	45
9	2026-05-05 11:36:20.740087+01	46
10	2026-05-05 11:57:14.340878+01	48
11	2026-05-05 11:58:24.541164+01	49
12	2026-05-05 11:58:37.368123+01	50
13	2026-05-05 12:31:05.228513+01	51
14	2026-05-05 14:00:23.102596+01	52
16	2026-05-06 10:52:38.457382+01	55
18	2026-05-06 10:52:57.327673+01	58
19	2026-05-06 12:00:02.600566+01	59
21	2026-05-06 12:15:20.472446+01	63
22	2026-05-07 17:43:36.211033+01	64
24	2026-05-07 17:44:09.022533+01	67
26	2026-05-07 19:53:32.034879+01	68
27	2026-05-07 23:05:18.573347+01	71
29	2026-05-07 23:26:20.039452+01	74
30	2026-05-07 23:40:43.804529+01	75
31	2026-05-08 08:06:34.671506+01	76
32	2026-05-08 08:09:45.558993+01	77
33	2026-05-08 09:54:12.490692+01	78
34	2026-05-08 10:25:03.965617+01	79
35	2026-05-08 10:25:29.386395+01	80
36	2026-05-09 10:51:31.911518+01	85
37	2026-05-09 10:53:35.480429+01	86
38	2026-05-09 10:54:15.024888+01	87
39	2026-05-09 21:50:57.652676+01	88
40	2026-05-09 21:52:04.312715+01	89
41	2026-05-10 16:10:14.14591+01	90
42	2026-05-10 16:13:44.586603+01	91
43	2026-05-10 16:14:40.495067+01	92
44	2026-05-10 16:16:02.444365+01	93
45	2026-05-10 16:42:06.212437+01	94
46	2026-05-10 21:53:29.224831+01	95
47	2026-05-11 08:12:08.557317+01	97
48	2026-05-11 08:12:24.642073+01	98
49	2026-05-11 08:12:43.71778+01	99
50	2026-05-11 09:45:49.746683+01	100
51	2026-05-11 10:46:26.584103+01	101
52	2026-05-11 11:20:15.182976+01	103
53	2026-05-11 11:20:52.370292+01	104
54	2026-05-11 11:22:02.436522+01	105
55	2026-05-11 11:31:43.95629+01	106
56	2026-05-11 11:39:54.498698+01	107
57	2026-05-11 12:36:00.462974+01	108
58	2026-05-11 12:36:52.285612+01	109
59	2026-05-11 12:40:31.785562+01	110
60	2026-05-11 17:28:17.838649+01	111
62	2026-05-12 15:41:28.875198+01	114
63	2026-05-12 15:42:40.465361+01	115
64	2026-05-12 15:50:16.679109+01	116
65	2026-05-12 15:50:56.414608+01	117
66	2026-05-12 16:03:42.056513+01	118
67	2026-05-12 16:04:32.380294+01	119
69	2026-05-12 18:05:09.175449+01	120
72	2026-05-12 18:11:17.196407+01	125
74	2026-05-13 10:24:30.945862+01	126
75	2026-05-13 10:40:04.791147+01	131
76	2026-05-13 11:23:31.09022+01	132
77	2026-05-13 12:00:27.771321+01	133
78	2026-05-13 14:37:57.910871+01	134
79	2026-05-13 15:11:49.262063+01	136
80	2026-05-13 15:12:58.368627+01	137
83	2026-05-14 09:34:12.375948+01	138
85	2026-05-14 10:23:42.598961+01	143
86	2026-05-14 10:33:41.425214+01	144
87	2026-05-15 23:14:31.610297+01	145
88	2026-05-15 23:16:43.099847+01	146
89	2026-05-18 09:28:30.771907+01	147
91	2026-05-18 10:29:20.601145+01	150
92	2026-05-18 11:21:14.784251+01	152
93	2026-05-18 11:22:16.339892+01	153
95	2026-05-18 13:45:58.589752+01	154
98	2026-05-20 09:14:33.638715+01	159
102	2026-05-20 11:19:54.263235+01	164
103	2026-05-20 12:50:36.154023+01	165
104	2026-05-20 12:51:10.359847+01	167
105	2026-05-21 19:09:14.875893+01	168
107	2026-05-22 12:40:23.386969+01	170
110	2026-05-25 10:17:39.69912+01	175
111	2026-06-01 10:48:42.348673+01	177
112	2026-06-01 13:26:49.626204+01	179
113	2026-06-01 14:17:26.508711+01	181
114	2026-06-01 20:51:40.659772+01	182
115	2026-06-01 22:18:45.658277+01	184
116	2026-06-02 00:38:25.230029+01	186
117	2026-06-02 10:35:58.961821+01	188
118	2026-06-02 10:36:48.239413+01	189
119	2026-06-02 10:37:48.666552+01	190
120	2026-06-02 13:56:28.483008+01	191
122	2026-06-02 13:59:43.0206+01	194
123	2026-06-02 14:01:02.262441+01	195
124	2026-06-03 14:12:33.709596+01	196
125	2026-06-07 23:43:04.648847+01	198
129	2026-06-08 00:50:54.866702+01	203
130	2026-06-08 02:29:47.629218+01	205
131	2026-06-08 10:24:30.919027+01	207
132	2026-06-08 11:04:50.033024+01	209
133	2026-06-08 13:01:05.1505+01	210
134	2026-06-08 14:13:59.92675+01	213
137	2026-06-09 22:07:53.557204+01	214
138	2026-06-10 00:16:52.92124+01	220
139	2026-06-10 01:23:31.688572+01	221
143	2026-06-10 11:34:28.120691+01	223
144	2026-06-10 11:42:56.488886+01	228
145	2026-06-10 11:43:29.247052+01	229
146	2026-06-10 11:47:02.330707+01	230
147	2026-06-10 11:47:27.311853+01	231
148	2026-06-10 12:12:02.077752+01	232
149	2026-06-10 12:12:37.417097+01	233
150	2026-06-10 12:13:58.846744+01	234
151	2026-06-10 12:15:19.41181+01	235
152	2026-06-10 13:15:29.596904+01	236
153	2026-06-10 15:30:00.675726+01	238
154	2026-06-10 15:44:42.830445+01	239
155	2026-06-10 16:53:16.663023+01	240
\.


--
-- Data for Name: token_blacklist_outstandingtoken; Type: TABLE DATA; Schema: public; Owner: postgres
--

COPY public.token_blacklist_outstandingtoken (id, token, created_at, expires_at, user_id, jti) FROM stdin;
1	eyJhbGciOiJIUzI1NiIsInR5cCI6IkpXVCJ9.eyJ0b2tlbl90eXBlIjoicmVmcmVzaCIsImV4cCI6MTc3ODA2NDc0NiwiaWF0IjoxNzc3NDU5OTQ2LCJqdGkiOiIxNmFkYTZkMjUxMWQ0YjRjOGIxZTFlOGJlODliYThjOSIsInVzZXJfaWQiOiIzIn0.5i8VrOOATaXHTR_bM22SHKEDrA6UM6BDuJMwnsOhvUs	2026-04-29 11:52:26.558425+01	2026-05-06 11:52:26+01	3	16ada6d2511d4b4c8b1e1e8be89ba8c9
2	eyJhbGciOiJIUzI1NiIsInR5cCI6IkpXVCJ9.eyJ0b2tlbl90eXBlIjoicmVmcmVzaCIsImV4cCI6MTc3ODA2NDc2NiwiaWF0IjoxNzc3NDU5OTY2LCJqdGkiOiI4OGRlNjI0MDRjMDA0NjAwODUyYjY5ZDhlNWFhMzQ1NCIsInVzZXJfaWQiOiIzIn0.it0tBln-oH1PyTDWGVSgiF8wifWHXs-EwrmBmwRx3DY	2026-04-29 11:52:46.476343+01	2026-05-06 11:52:46+01	3	88de62404c004600852b69d8e5aa3454
3	eyJhbGciOiJIUzI1NiIsInR5cCI6IkpXVCJ9.eyJ0b2tlbl90eXBlIjoicmVmcmVzaCIsImV4cCI6MTc3ODA2NDkxMCwiaWF0IjoxNzc3NDYwMTEwLCJqdGkiOiIyYWNmN2JmNDVmNDc0NTZlODQ4NzM1M2JhNmJlMDBjYSIsInVzZXJfaWQiOiIzIn0.NDST-nrpz1I8Ueud2Qh1ir1fqexaEYtEVIRQuPFYgRs	2026-04-29 11:55:10.951842+01	2026-05-06 11:55:10+01	3	2acf7bf45f47456e8487353ba6be00ca
4	eyJhbGciOiJIUzI1NiIsInR5cCI6IkpXVCJ9.eyJ0b2tlbl90eXBlIjoicmVmcmVzaCIsImV4cCI6MTc3ODA2NjA3NCwiaWF0IjoxNzc3NDYxMjc0LCJqdGkiOiIxMzU2NDFhMGZjYzY0YmNiOGJkMGNjMmE2ZGZhMWUzOSIsInVzZXJfaWQiOiIzIn0.oyQRtah05KCmjA6uuVT9RfIOAGnSNeIi1P5x71-kemw	2026-04-29 12:14:34.724868+01	2026-05-06 12:14:34+01	3	135641a0fcc64bcb8bd0cc2a6dfa1e39
5	eyJhbGciOiJIUzI1NiIsInR5cCI6IkpXVCJ9.eyJ0b2tlbl90eXBlIjoicmVmcmVzaCIsImV4cCI6MTc3ODA2NjE0OCwiaWF0IjoxNzc3NDYxMzQ4LCJqdGkiOiJmNDYyZjI2YzdlYTY0NDcwYWJiNmM1ZTdkYWVmYWM2MyIsInVzZXJfaWQiOiI0In0.3f53PZ-oMnyCahKRL6o57_-OvLVD2uGISwWQtIbnbQo	2026-04-29 12:15:48.350077+01	2026-05-06 12:15:48+01	4	f462f26c7ea64470abb6c5e7daefac63
6	eyJhbGciOiJIUzI1NiIsInR5cCI6IkpXVCJ9.eyJ0b2tlbl90eXBlIjoicmVmcmVzaCIsImV4cCI6MTc3ODA2NjE2MCwiaWF0IjoxNzc3NDYxMzYwLCJqdGkiOiIzNzgxOGUyOWZiMDI0MTE0OTEwZDY3NTMxNmUyNjNmNiIsInVzZXJfaWQiOiIyIn0.Jq__OvmBLsREcnT_mMkgb-0asSr2KOQ33nym52L2f6o	2026-04-29 12:16:00.282345+01	2026-05-06 12:16:00+01	2	37818e29fb024114910d675316e263f6
7	eyJhbGciOiJIUzI1NiIsInR5cCI6IkpXVCJ9.eyJ0b2tlbl90eXBlIjoicmVmcmVzaCIsImV4cCI6MTc3ODA2NjI4OCwiaWF0IjoxNzc3NDYxNDg4LCJqdGkiOiJmNGQ3MmE0YzI0ZDg0MWIzODQ0MzlhZTMxNzc0MTU3NSIsInVzZXJfaWQiOiI0In0.ItFiIhZOPm79KeXYT0HE359FPnbGK--koyjpTYKkp1w	2026-04-29 12:18:08.011857+01	2026-05-06 12:18:08+01	4	f4d72a4c24d841b384439ae317741575
8	eyJhbGciOiJIUzI1NiIsInR5cCI6IkpXVCJ9.eyJ0b2tlbl90eXBlIjoicmVmcmVzaCIsImV4cCI6MTc3ODA2NjI5MywiaWF0IjoxNzc3NDYxNDkzLCJqdGkiOiJlY2VlNmFmMjYzODQ0NjM4OWEzYTU5ZmY2OGIzZWUzOCIsInVzZXJfaWQiOiIyIn0.wJLPTP-nziKWKU7BrZwIzMjPuPmPzR7FsaqA6Dou5Qc	2026-04-29 12:18:13.476982+01	2026-05-06 12:18:13+01	2	ecee6af2638446389a3a59ff68b3ee38
9	eyJhbGciOiJIUzI1NiIsInR5cCI6IkpXVCJ9.eyJ0b2tlbl90eXBlIjoicmVmcmVzaCIsImV4cCI6MTc3ODA2NjMyOCwiaWF0IjoxNzc3NDYxNTI4LCJqdGkiOiI4MGY4ZTRjYTA3Zjg0MWMyOGFjNThjNjljOGI0YmQzYyIsInVzZXJfaWQiOiIzIn0.uwIDyXX9n9QrGdmqwyrfiaYGm5JMK9cM3tHKv9S72Co	2026-04-29 12:18:48.32059+01	2026-05-06 12:18:48+01	3	80f8e4ca07f841c28ac58c69c8b4bd3c
10	eyJhbGciOiJIUzI1NiIsInR5cCI6IkpXVCJ9.eyJ0b2tlbl90eXBlIjoicmVmcmVzaCIsImV4cCI6MTc3ODA2NjM1NSwiaWF0IjoxNzc3NDYxNTU1LCJqdGkiOiI1MDJjMTlhZGY2OTc0OGI2OTNkMDdjZDAzNjAwYTA1NiIsInVzZXJfaWQiOiI0In0.JXVXddgX98EzgNOOEFnlI_INsR01kcabe5cLI5WymQw	2026-04-29 12:19:15.150019+01	2026-05-06 12:19:15+01	4	502c19adf69748b693d07cd03600a056
11	eyJhbGciOiJIUzI1NiIsInR5cCI6IkpXVCJ9.eyJ0b2tlbl90eXBlIjoicmVmcmVzaCIsImV4cCI6MTc3ODA2NjU2NywiaWF0IjoxNzc3NDYxNzY3LCJqdGkiOiI2NTRjNzU1M2U4NjU0ZjQxYWEyZWY2ZmJhYmM5ZDU5YSIsInVzZXJfaWQiOiI0In0.Uz580QohGhXcnYDTMDs6wxnJPctLUebw6IqUCGVpzs4	2026-04-29 12:22:47.454075+01	2026-05-06 12:22:47+01	4	654c7553e8654f41aa2ef6fbabc9d59a
12	eyJhbGciOiJIUzI1NiIsInR5cCI6IkpXVCJ9.eyJ0b2tlbl90eXBlIjoicmVmcmVzaCIsImV4cCI6MTc3ODA2NjU2OCwiaWF0IjoxNzc3NDYxNzY4LCJqdGkiOiIwNmI1ZTQ0YjgyZmI0OTU2OWM1N2MzMDNjNTQ2M2NlNCIsInVzZXJfaWQiOiIyIn0.HNNRZrbbrCs8mRHffqndFruUzpViCO-9V_rIIgO2yOU	2026-04-29 12:22:48.145975+01	2026-05-06 12:22:48+01	2	06b5e44b82fb49569c57c303c5463ce4
13	eyJhbGciOiJIUzI1NiIsInR5cCI6IkpXVCJ9.eyJ0b2tlbl90eXBlIjoicmVmcmVzaCIsImV4cCI6MTc3ODA2NjY4OCwiaWF0IjoxNzc3NDYxODg4LCJqdGkiOiIxZGU4MWI1N2MxOTc0ODFhODlhMDUxM2I5NWViNGRhMSIsInVzZXJfaWQiOiIzIn0.7PzFS6XarAQv6kAzFLoRc9JT_WQGiJ3jyP0QBmTvjwU	2026-04-29 12:24:48.72506+01	2026-05-06 12:24:48+01	3	1de81b57c197481a89a0513b95eb4da1
14	eyJhbGciOiJIUzI1NiIsInR5cCI6IkpXVCJ9.eyJ0b2tlbl90eXBlIjoicmVmcmVzaCIsImV4cCI6MTc3ODA2NjY4OSwiaWF0IjoxNzc3NDYxODg5LCJqdGkiOiJhYTcwY2M3YjVlYzQ0ODQxOWNlYzg4YzMzMTFhMGQzZSIsInVzZXJfaWQiOiI0In0.2WsRFC0Cp3bJ2JQ9_rS1WSPpcd3l5NG3vtfW0YyKor4	2026-04-29 12:24:49.38333+01	2026-05-06 12:24:49+01	4	aa70cc7b5ec448419cec88c3311a0d3e
15	eyJhbGciOiJIUzI1NiIsInR5cCI6IkpXVCJ9.eyJ0b2tlbl90eXBlIjoicmVmcmVzaCIsImV4cCI6MTc3ODA3MTE2OSwiaWF0IjoxNzc3NDY2MzY5LCJqdGkiOiJlZTlhNzNlM2Q2ZWE0ZjY2YmJhMTQxYjA3NDFmY2E0YiIsInVzZXJfaWQiOiIyIn0.22lQ5L68kqjFmTS88C2bSopBB3MXU7aT2VCA4_gyCLg	2026-04-29 13:39:29.080028+01	2026-05-06 13:39:29+01	2	ee9a73e3d6ea4f66bba141b0741fca4b
16	eyJhbGciOiJIUzI1NiIsInR5cCI6IkpXVCJ9.eyJ0b2tlbl90eXBlIjoicmVmcmVzaCIsImV4cCI6MTc3ODA3MTIyNSwiaWF0IjoxNzc3NDY2NDI1LCJqdGkiOiIyODBhZjgzNDEyNDM0NzQ2OTYyNGM0MzJlNDRjNTZlMiIsInVzZXJfaWQiOiIyIn0.cAVEdOv1R8E8-dLcLLEvKMKBYaWbR-MNw4nEf6zS_NM	2026-04-29 13:40:25.583948+01	2026-05-06 13:40:25+01	2	280af834124347469624c432e44c56e2
17	eyJhbGciOiJIUzI1NiIsInR5cCI6IkpXVCJ9.eyJ0b2tlbl90eXBlIjoicmVmcmVzaCIsImV4cCI6MTc3ODA3MTI3NiwiaWF0IjoxNzc3NDY2NDc2LCJqdGkiOiJhNTg4MmY2NmI0OTI0MmJjOWY2MzQ1MzRiZGY3ZGU5ZiIsInVzZXJfaWQiOiIyIn0.jfifCwMtZWtyEWGI6SZA4exfHAeUGP48cAZ9bxTG7Io	2026-04-29 13:41:16.933925+01	2026-05-06 13:41:16+01	2	a5882f66b49242bc9f634534bdf7de9f
18	eyJhbGciOiJIUzI1NiIsInR5cCI6IkpXVCJ9.eyJ0b2tlbl90eXBlIjoicmVmcmVzaCIsImV4cCI6MTc3ODA3MTg4MCwiaWF0IjoxNzc3NDY3MDgwLCJqdGkiOiJmZTliZTVkYjViNDk0OGJlYTI5MGMyMDk5MDU4ZDQwMCIsInVzZXJfaWQiOiIxIn0.Otm5TnDkZcTT2RQEUVfnPkMxSknQtDBBJIeEvrwEDWY	2026-04-29 13:51:20.105883+01	2026-05-06 13:51:20+01	1	fe9be5db5b4948bea290c2099058d400
19	eyJhbGciOiJIUzI1NiIsInR5cCI6IkpXVCJ9.eyJ0b2tlbl90eXBlIjoicmVmcmVzaCIsImV4cCI6MTc3ODA3MjY5MCwiaWF0IjoxNzc3NDY3ODkwLCJqdGkiOiJjZmRkODJlYjUxNTU0OGIzYmMwZDBiMGJjZGE0ZjRiMiIsInVzZXJfaWQiOiIyIn0.supszW3gsXYmd6pRxsJWCZW50xjHFjytEckCmb5bnSw	2026-04-29 14:04:50.894277+01	2026-05-06 14:04:50+01	2	cfdd82eb515548b3bc0d0b0bcda4f4b2
20	eyJhbGciOiJIUzI1NiIsInR5cCI6IkpXVCJ9.eyJ0b2tlbl90eXBlIjoicmVmcmVzaCIsImV4cCI6MTc3ODA3MjY5OSwiaWF0IjoxNzc3NDY3ODk5LCJqdGkiOiJjMzU2ZTE1NGRiN2E0MTNjYTNlY2NiZWRjZDRkNWE5YyIsInVzZXJfaWQiOiIzIn0.i5a0PH3t0j9hpBAudlbwzrS3tcBi_CwRZ_jVGTuuxlQ	2026-04-29 14:04:59.614292+01	2026-05-06 14:04:59+01	3	c356e154db7a413ca3eccbedcd4d5a9c
21	eyJhbGciOiJIUzI1NiIsInR5cCI6IkpXVCJ9.eyJ0b2tlbl90eXBlIjoicmVmcmVzaCIsImV4cCI6MTc3ODA3MjczMiwiaWF0IjoxNzc3NDY3OTMyLCJqdGkiOiIzMTM4NjA0YWFkYzM0MDBlYmRkZTZiYzliZGIwMzQ1ZiIsInVzZXJfaWQiOiI0In0.Tjdt-m7HG7HKCbzX6cJtuDlCjiJdySNAwCz1v_1YcH8	2026-04-29 14:05:32.654431+01	2026-05-06 14:05:32+01	4	3138604aadc3400ebdde6bc9bdb0345f
22	eyJhbGciOiJIUzI1NiIsInR5cCI6IkpXVCJ9.eyJ0b2tlbl90eXBlIjoicmVmcmVzaCIsImV4cCI6MTc3ODA3MzE2MCwiaWF0IjoxNzc3NDY4MzYwLCJqdGkiOiIwNTIxZTZjN2I4M2Y0ZDQzOWI2MmE1ZDA5NTQyYzk0ZSIsInVzZXJfaWQiOiIzIn0.lcft5PB_uBKdGabzLYO14jdKDl9bFLKbpkfxELh8M24	2026-04-29 14:12:40.840389+01	2026-05-06 14:12:40+01	3	0521e6c7b83f4d439b62a5d09542c94e
23	eyJhbGciOiJIUzI1NiIsInR5cCI6IkpXVCJ9.eyJ0b2tlbl90eXBlIjoicmVmcmVzaCIsImV4cCI6MTc3ODA3MzE2MCwiaWF0IjoxNzc3NDY4MzYwLCJqdGkiOiJjYmU2MzBiMjNiOGU0ZjIyOWY3OWQ4NjdlZmIwZTU1MCIsInVzZXJfaWQiOiIzIiwicm9sZSI6InRlY2huaWNpZW4iLCJ1c2VybmFtZSI6InRlY2huaWNpZW4xIn0.M3bweffbnyDQaS7Bo-psdhNnvcxEXj4tii17ldOJm2U	2026-04-29 14:12:40.879699+01	2026-05-06 14:12:40+01	3	cbe630b23b8e4f229f79d867efb0e550
24	eyJhbGciOiJIUzI1NiIsInR5cCI6IkpXVCJ9.eyJ0b2tlbl90eXBlIjoicmVmcmVzaCIsImV4cCI6MTc3ODA3MzE4NywiaWF0IjoxNzc3NDY4Mzg3LCJqdGkiOiI3NTVhMDQ4ZDU3YzU0MWZlOGVmOGU3MTZjMGY2MTNhZSIsInVzZXJfaWQiOiIzIn0.TI7-6V9ksY3OngYRJDmUGp9UGy0V-uzi6hptJv6WFUE	2026-04-29 14:13:07.057888+01	2026-05-06 14:13:07+01	3	755a048d57c541fe8ef8e716c0f613ae
25	eyJhbGciOiJIUzI1NiIsInR5cCI6IkpXVCJ9.eyJ0b2tlbl90eXBlIjoicmVmcmVzaCIsImV4cCI6MTc3ODE0NjU3OSwiaWF0IjoxNzc3NTQxNzc5LCJqdGkiOiIyY2ZjOTIzYmQ1NmY0ZDJiODhmODk5YzlmNDEzZDczMCIsInVzZXJfaWQiOiIyIn0.nV7J2kI_tTcal7BcZeKnH5326TQfLpbhfgE8TB4yjp8	2026-04-30 10:36:19.078126+01	2026-05-07 10:36:19+01	2	2cfc923bd56f4d2b88f899c9f413d730
26	eyJhbGciOiJIUzI1NiIsInR5cCI6IkpXVCJ9.eyJ0b2tlbl90eXBlIjoicmVmcmVzaCIsImV4cCI6MTc3ODE0NjYwMSwiaWF0IjoxNzc3NTQxODAxLCJqdGkiOiI2ZGVlZWE4YTQyODU0MmY5Yjg2Nzg0YWZmZjNkYWZjYiIsInVzZXJfaWQiOiIzIn0.X6uDD64CS-xRe9b_zuTNUu3iXAWTRfFuBGPaCd7-thE	2026-04-30 10:36:41.66005+01	2026-05-07 10:36:41+01	3	6deeea8a428542f9b86784afff3dafcb
27	eyJhbGciOiJIUzI1NiIsInR5cCI6IkpXVCJ9.eyJ0b2tlbl90eXBlIjoicmVmcmVzaCIsImV4cCI6MTc3ODE0NjczNywiaWF0IjoxNzc3NTQxOTM3LCJqdGkiOiIwMDE1YTZiNzVjOGM0MGRhODEyZjc1NGI4NTNiYzVhMyIsInVzZXJfaWQiOiIyIn0.B1JXnSOzg68E2fsQ7P4LxIgwzTix5Ownsq87N1rA64Y	2026-04-30 10:38:57.807271+01	2026-05-07 10:38:57+01	2	0015a6b75c8c40da812f754b853bc5a3
28	eyJhbGciOiJIUzI1NiIsInR5cCI6IkpXVCJ9.eyJ0b2tlbl90eXBlIjoicmVmcmVzaCIsImV4cCI6MTc3ODE0NjgwMSwiaWF0IjoxNzc3NTQyMDAxLCJqdGkiOiIxNGRkZGMyNjM1MDI0NTM3OTgzMTkzYjdmNzQwOTUwZSIsInVzZXJfaWQiOiIyIn0.7L299n1r7VFSwD-Ag4ULw8aJN128sYzwy6GAK2KfFWs	2026-04-30 10:40:01.423068+01	2026-05-07 10:40:01+01	2	14dddc2635024537983193b7f740950e
29	eyJhbGciOiJIUzI1NiIsInR5cCI6IkpXVCJ9.eyJ0b2tlbl90eXBlIjoicmVmcmVzaCIsImV4cCI6MTc3ODE0Njk1NCwiaWF0IjoxNzc3NTQyMTU0LCJqdGkiOiJjNWYyMzgxZmQ2YmQ0NjBiOTE2ZjgyNDQzNjY2NjY3ZiIsInVzZXJfaWQiOiIzIn0.hkmo1AzUjfaeq71p0gZNAsxBWAKTGCnuubnqhQdcY6A	2026-04-30 10:42:34.215714+01	2026-05-07 10:42:34+01	3	c5f2381fd6bd460b916f82443666667f
30	eyJhbGciOiJIUzI1NiIsInR5cCI6IkpXVCJ9.eyJ0b2tlbl90eXBlIjoicmVmcmVzaCIsImV4cCI6MTc3ODE0NzA5OCwiaWF0IjoxNzc3NTQyMjk4LCJqdGkiOiI0OTdkZGVkMDVlMWE0YzM4YmVhMmUwODhiNmMyZTA5MyIsInVzZXJfaWQiOiIyIn0.nZApMkJdR50NbF4VKgIaUoU4iEtySF4Pk_SPwbMHmyw	2026-04-30 10:44:58.968552+01	2026-05-07 10:44:58+01	2	497dded05e1a4c38bea2e088b6c2e093
31	eyJhbGciOiJIUzI1NiIsInR5cCI6IkpXVCJ9.eyJ0b2tlbl90eXBlIjoicmVmcmVzaCIsImV4cCI6MTc3ODE0NzEwNiwiaWF0IjoxNzc3NTQyMzA2LCJqdGkiOiIxYTk1ZGRkOWYzYmY0MzBlYmZjNzEyOTlhNjI2NWI4MyIsInVzZXJfaWQiOiIzIn0.oeYavSx9grDzFVtFHcmSluRwVX6pInBT_9pcW_dUl_Q	2026-04-30 10:45:06.261318+01	2026-05-07 10:45:06+01	3	1a95ddd9f3bf430ebfc71299a6265b83
32	eyJhbGciOiJIUzI1NiIsInR5cCI6IkpXVCJ9.eyJ0b2tlbl90eXBlIjoicmVmcmVzaCIsImV4cCI6MTc3ODE0NzIyNCwiaWF0IjoxNzc3NTQyNDI0LCJqdGkiOiI0YjllYzgzOTZhNjI0NTRhOGMyMDMyNWM1OTYyODc0OCIsInVzZXJfaWQiOiIzIn0.DhZBYWmsSnCMZmt1eEomlshAYKHHk8Tl22RyeG_LGdQ	2026-04-30 10:47:04.840756+01	2026-05-07 10:47:04+01	3	4b9ec8396a62454a8c20325c59628748
33	eyJhbGciOiJIUzI1NiIsInR5cCI6IkpXVCJ9.eyJ0b2tlbl90eXBlIjoicmVmcmVzaCIsImV4cCI6MTc3ODE0NzI3NCwiaWF0IjoxNzc3NTQyNDc0LCJqdGkiOiI0YzZhNTJlYTAwZGY0OGRhOWM0ZjlmOGIxYzQ2YjNkYyIsInVzZXJfaWQiOiIzIn0.xsWnWKujti-m8KegetJYHa7JUrG4gvg9y-m00MTHLPY	2026-04-30 10:47:54.932879+01	2026-05-07 10:47:54+01	3	4c6a52ea00df48da9c4f9f8b1c46b3dc
34	eyJhbGciOiJIUzI1NiIsInR5cCI6IkpXVCJ9.eyJ0b2tlbl90eXBlIjoicmVmcmVzaCIsImV4cCI6MTc3ODE1MDExNCwiaWF0IjoxNzc3NTQ1MzE0LCJqdGkiOiIwNjFmODM5OTk3Zjk0N2ZlYWYwNzQyM2YzYzA3MDQyYyIsInVzZXJfaWQiOiIxIn0.9mWOzdHfTI9VX-jcxnciMkgUTWhjBIqMPtFQDhtHzWQ	2026-04-30 11:35:14.474515+01	2026-05-07 11:35:14+01	1	061f839997f947feaf07423f3c07042c
35	eyJhbGciOiJIUzI1NiIsInR5cCI6IkpXVCJ9.eyJ0b2tlbl90eXBlIjoicmVmcmVzaCIsImV4cCI6MTc3ODE1NzgwMywiaWF0IjoxNzc3NTUzMDAzLCJqdGkiOiIzYWViZjgyY2JkMmY0ZDZjOGNjYThjNzhiZDBjNDNiNCIsInVzZXJfaWQiOiIxIn0.nPkgZrJp0tCxZU5ldoOGR9FMpHE3FrUaKUq5neLSCok	2026-04-30 13:43:23.807777+01	2026-05-07 13:43:23+01	1	3aebf82cbd2f4d6c8cca8c78bd0c43b4
37	eyJhbGciOiJIUzI1NiIsInR5cCI6IkpXVCJ9.eyJ0b2tlbl90eXBlIjoicmVmcmVzaCIsImV4cCI6MTc3ODE1ODUyNCwiaWF0IjoxNzc3NTUzNzI0LCJqdGkiOiI0MTNkOThlODJjMGI0ZDBjYTA0YjI1ZTY2OTEwYzlmZSIsInVzZXJfaWQiOiIzIn0.Ln64VLjS6CXa-otAMKm62bC-i51wegtH2oaOIoi5ajU	2026-04-30 13:55:24.920533+01	2026-05-07 13:55:24+01	3	413d98e82c0b4d0ca04b25e66910c9fe
38	eyJhbGciOiJIUzI1NiIsInR5cCI6IkpXVCJ9.eyJ0b2tlbl90eXBlIjoicmVmcmVzaCIsImV4cCI6MTc3ODE5MDE0MywiaWF0IjoxNzc3NTg1MzQzLCJqdGkiOiJkMmVmY2E5ZGY3YTY0NTE3YTVkMzZkZWMzMzU2YmM1MyIsInVzZXJfaWQiOiIxIn0.avLlai73aKrUXv7T8gNnyudK4EawcsQR4Z27J1-PnKw	2026-04-30 22:42:23.326675+01	2026-05-07 22:42:23+01	1	d2efca9df7a64517a5d36dec3356bc53
39	eyJhbGciOiJIUzI1NiIsInR5cCI6IkpXVCJ9.eyJ0b2tlbl90eXBlIjoicmVmcmVzaCIsImV4cCI6MTc3ODQ4ODE1NywiaWF0IjoxNzc3ODgzMzU3LCJqdGkiOiI2NjQ1OThmOWNiNGI0YzEzOTMyMzJhNTEwYzNlMTY0MiIsInVzZXJfaWQiOiIxIn0.YeILyd2xFaImJYlU35tBzGMmx0ITfqfT__DY6tuhLC8	2026-05-04 09:29:17.68009+01	2026-05-11 09:29:17+01	1	664598f9cb4b4c1393232a510c3e1642
40	eyJhbGciOiJIUzI1NiIsInR5cCI6IkpXVCJ9.eyJ0b2tlbl90eXBlIjoicmVmcmVzaCIsImV4cCI6MTc3ODU4MTIyOSwiaWF0IjoxNzc3OTc2NDI5LCJqdGkiOiJhN2QwOWViNGI4OWQ0YjQ0OTk3NGM5YTkxMWJiMzI1NSIsInVzZXJfaWQiOiIzIn0.zbb4EqTmZcKsSou3-k5PW3d_h1yihQXTfMX1cqFz0Mw	2026-05-05 11:20:29.353551+01	2026-05-12 11:20:29+01	3	a7d09eb4b89d4b449974c9a911bb3255
41	eyJhbGciOiJIUzI1NiIsInR5cCI6IkpXVCJ9.eyJ0b2tlbl90eXBlIjoicmVmcmVzaCIsImV4cCI6MTc3ODU4MTY4MCwiaWF0IjoxNzc3OTc2ODgwLCJqdGkiOiJmYzVmNmU1MjFmMGU0NGNkOGY2NGVlYzYzMGM0ODUyMyIsInVzZXJfaWQiOiIzIn0.9CIL-COs1k0YbL-6HSC3aI3g1ozRvNyDIDEv-yN1k4I	2026-05-05 11:28:00.856989+01	2026-05-12 11:28:00+01	3	fc5f6e521f0e44cd8f64eec630c48523
42	eyJhbGciOiJIUzI1NiIsInR5cCI6IkpXVCJ9.eyJ0b2tlbl90eXBlIjoicmVmcmVzaCIsImV4cCI6MTc3ODU4MTkzNSwiaWF0IjoxNzc3OTc3MTM1LCJqdGkiOiIyNmRiMzRkMmU0YWQ0MWNiOGU5NTE4Y2VjMGZmMDAyNSIsInVzZXJfaWQiOiIyIn0.b-NzDOE6U1-JIaqlVxEV9rlSsVQ7PGkg5FEBe7qRfBY	2026-05-05 11:32:15.025712+01	2026-05-12 11:32:15+01	2	26db34d2e4ad41cb8e9518cec0ff0025
43	eyJhbGciOiJIUzI1NiIsInR5cCI6IkpXVCJ9.eyJ0b2tlbl90eXBlIjoicmVmcmVzaCIsImV4cCI6MTc3ODU4MTk5OSwiaWF0IjoxNzc3OTc3MTk5LCJqdGkiOiIwNjg1YzZhOWRhZjc0OTJkYmE2MDhlYjAxOTk1MzcyZSIsInVzZXJfaWQiOiI0In0.NZGmdzh5lFfHAvbq0ALftUxQbsZszMm2DoVc9LTtNrE	2026-05-05 11:33:19.998176+01	2026-05-12 11:33:19+01	4	0685c6a9daf7492dba608eb01995372e
44	eyJhbGciOiJIUzI1NiIsInR5cCI6IkpXVCJ9.eyJ0b2tlbl90eXBlIjoicmVmcmVzaCIsImV4cCI6MTc3ODU4MjA5OCwiaWF0IjoxNzc3OTc3Mjk4LCJqdGkiOiI0MmNjNzA2ZmMyYWY0ZDQxODIzOTk0MDMyOTU5OGNhNyIsInVzZXJfaWQiOiIxIn0.4fxU_IHazeMUd0Djsr7VxP4alK9oVUWd6RjAu3REuDk	2026-05-05 11:34:58.30223+01	2026-05-12 11:34:58+01	1	42cc706fc2af4d418239940329598ca7
45	eyJhbGciOiJIUzI1NiIsInR5cCI6IkpXVCJ9.eyJ0b2tlbl90eXBlIjoicmVmcmVzaCIsImV4cCI6MTc3ODU4MjEzMywiaWF0IjoxNzc3OTc3MzMzLCJqdGkiOiI4ZmNjNGJhZmFiMTQ0YzIzOTU3M2IxYWZkODU4ODIwOCIsInVzZXJfaWQiOiIxIn0.tFbhFarCF4M0Rv0m0prKL1nmnNAMzi6Ia7nsnZK6ZMs	2026-05-05 11:35:33.924215+01	2026-05-12 11:35:33+01	1	8fcc4bafab144c239573b1afd8588208
46	eyJhbGciOiJIUzI1NiIsInR5cCI6IkpXVCJ9.eyJ0b2tlbl90eXBlIjoicmVmcmVzaCIsImV4cCI6MTc3ODU4MjE0OSwiaWF0IjoxNzc3OTc3MzQ5LCJqdGkiOiIwYTQ0YmRhMzA2MDE0OGFhODg4YTYwN2M3ZDZlMTZjNCIsInVzZXJfaWQiOiI0In0.NpXwmkXfjlxMGoJ_ElEpbly6q-0GCzll_SeWuD8GKNU	2026-05-05 11:35:49.460063+01	2026-05-12 11:35:49+01	4	0a44bda3060148aa888a607c7d6e16c4
47	eyJhbGciOiJIUzI1NiIsInR5cCI6IkpXVCJ9.eyJ0b2tlbl90eXBlIjoicmVmcmVzaCIsImV4cCI6MTc3ODU4MjIyOSwiaWF0IjoxNzc3OTc3NDI5LCJqdGkiOiJlNzk2YTQyMWJkNjA0ZWRiYjViZDdiOTQ2MDRlZTVmMCIsInVzZXJfaWQiOiIxIn0.k64OaS6Q9H4XPxzBEuZBFNZf4jENBxYEpLHtr7sNy-Y	2026-05-05 11:37:09.282409+01	2026-05-12 11:37:09+01	1	e796a421bd604edbb5bd7b94604ee5f0
48	eyJhbGciOiJIUzI1NiIsInR5cCI6IkpXVCJ9.eyJ0b2tlbl90eXBlIjoicmVmcmVzaCIsImV4cCI6MTc3ODU4MjI0NywiaWF0IjoxNzc3OTc3NDQ3LCJqdGkiOiI0NDhlY2U2ODc3ZDU0Y2Y3YmQ4NTE5NWI5NThjNmQ4MiIsInVzZXJfaWQiOiI0In0.jsjAPo_fyT9y66hQLPoKNdgCQobKZtkoyaYHybgseIA	2026-05-05 11:37:27.761663+01	2026-05-12 11:37:27+01	4	448ece6877d54cf7bd85195b958c6d82
49	eyJhbGciOiJIUzI1NiIsInR5cCI6IkpXVCJ9.eyJ0b2tlbl90eXBlIjoicmVmcmVzaCIsImV4cCI6MTc3ODU4MzQ4OCwiaWF0IjoxNzc3OTc4Njg4LCJqdGkiOiIyZDU0MjdhY2EwZmU0YzMwYTI0OGU5ZDVhYWM5NjUxMyIsInVzZXJfaWQiOiI0In0.Y0mWANue0m3F4Du46gOv0clWhuxv06VvFa5zkX4Iqpo	2026-05-05 11:58:08.650207+01	2026-05-12 11:58:08+01	4	2d5427aca0fe4c30a248e9d5aac96513
50	eyJhbGciOiJIUzI1NiIsInR5cCI6IkpXVCJ9.eyJ0b2tlbl90eXBlIjoicmVmcmVzaCIsImV4cCI6MTc3ODU4MzUxMiwiaWF0IjoxNzc3OTc4NzEyLCJqdGkiOiIyZTVhOGFhNWY5MDY0YmI0YjRiOGRlYThhODgwNzNkNyIsInVzZXJfaWQiOiIyIn0.gqfA6O1-pYEtjCAakLPXV_eN2XkiJQUPj1OPtR-Zo8M	2026-05-05 11:58:32.487577+01	2026-05-12 11:58:32+01	2	2e5a8aa5f9064bb4b4b8dea8a88073d7
51	eyJhbGciOiJIUzI1NiIsInR5cCI6IkpXVCJ9.eyJ0b2tlbl90eXBlIjoicmVmcmVzaCIsImV4cCI6MTc3ODU4NTQ1OSwiaWF0IjoxNzc3OTgwNjU5LCJqdGkiOiI1MjQ0YWUyOGE1NTE0NzM4YjQ0NWY2NDQ3YWU4ZGU0NyIsInVzZXJfaWQiOiIyIn0.MVe6l2qhizsShwCvySahjI4Fev0-wOsD9vzGjFobVws	2026-05-05 12:30:59.789816+01	2026-05-12 12:30:59+01	2	5244ae28a5514738b445f6447ae8de47
52	eyJhbGciOiJIUzI1NiIsInR5cCI6IkpXVCJ9.eyJ0b2tlbl90eXBlIjoicmVmcmVzaCIsImV4cCI6MTc3ODU4NTQ3MCwiaWF0IjoxNzc3OTgwNjcwLCJqdGkiOiI3ZThiOTVmNmMzNDQ0ZmYyYmJjMGUwNDJiZWQwMTJmYiIsInVzZXJfaWQiOiIxIn0.L9yRvs-N4HaMzhO9oT3as6eo_SJBl3exhcnMcPgRUlA	2026-05-05 12:31:10.691362+01	2026-05-12 12:31:10+01	1	7e8b95f6c3444ff2bbc0e042bed012fb
53	eyJhbGciOiJIUzI1NiIsInR5cCI6IkpXVCJ9.eyJ0b2tlbl90eXBlIjoicmVmcmVzaCIsImV4cCI6MTc3ODU5MDgyMiwiaWF0IjoxNzc3OTg2MDIyLCJqdGkiOiJiOTQzYzQ3NjIxMTQ0MWU2ODU2ZGZhMjM1YjI4YjMzMSIsInVzZXJfaWQiOiIxIiwicm9sZSI6InJlc3BvbnNhYmxlIiwidXNlcm5hbWUiOiJhZG1pbl9heWEiLCJlbWFpbCI6ImF5YTMwQGdtYWlsLmNvbSJ9.BiRJHZnnewHwE3fGogOEolHdjMAtPTCofXnhtoDnCyU	2026-05-05 14:00:22.918611+01	2026-05-12 14:00:22+01	1	b943c476211441e6856dfa235b28b331
54	eyJhbGciOiJIUzI1NiIsInR5cCI6IkpXVCJ9.eyJ0b2tlbl90eXBlIjoicmVmcmVzaCIsImV4cCI6MTc3ODU5MDgyMiwiaWF0IjoxNzc3OTg2MDIyLCJqdGkiOiI2YjY3MTg3NTUzMmE0OTQ2ODU2OTU3M2YxYjI0ZDQ4ZCIsInVzZXJfaWQiOiIxIiwicm9sZSI6InJlc3BvbnNhYmxlIiwidXNlcm5hbWUiOiJhZG1pbl9heWEiLCJlbWFpbCI6ImF5YTMwQGdtYWlsLmNvbSJ9.QBrlkNuTStSPjXwSjA1hsjAZgHA6xD0FuQrFkQiwUu4	2026-05-05 14:00:22.937272+01	2026-05-12 14:00:22+01	1	6b671875532a49468569573f1b24d48d
55	eyJhbGciOiJIUzI1NiIsInR5cCI6IkpXVCJ9.eyJ0b2tlbl90eXBlIjoicmVmcmVzaCIsImV4cCI6MTc3ODY2MDg5NywiaWF0IjoxNzc4MDU2MDk3LCJqdGkiOiIzM2U5ZjYyN2JiNmU0M2Q2YjcxMTE1MjNjYzNmNzMxOCIsInVzZXJfaWQiOiIxIn0.cWc3HE7xGunDJ51Ww7dwhiXiLnSLePlmxQZ2oqOecBM	2026-05-06 09:28:17.525633+01	2026-05-13 09:28:17+01	1	33e9f627bb6e43d6b7111523cc3f7318
56	eyJhbGciOiJIUzI1NiIsInR5cCI6IkpXVCJ9.eyJ0b2tlbl90eXBlIjoicmVmcmVzaCIsImV4cCI6MTc3ODY2NTk1OCwiaWF0IjoxNzc4MDYxMTU4LCJqdGkiOiIyZGMwY2Q1OTExN2U0MGZlODlkYTJhOTllMTg0ODViYSIsInVzZXJfaWQiOiIxIiwicm9sZSI6InJlc3BvbnNhYmxlIiwidXNlcm5hbWUiOiJhZG1pbl9heWEiLCJlbWFpbCI6ImF5YTMwQGdtYWlsLmNvbSJ9._XVXW5lVAsuImSug4HvyUjS2Em5VTlzaTYbHaEYTAbE	2026-05-06 10:52:38.117612+01	2026-05-13 10:52:38+01	1	2dc0cd59117e40fe89da2a99e18485ba
57	eyJhbGciOiJIUzI1NiIsInR5cCI6IkpXVCJ9.eyJ0b2tlbl90eXBlIjoicmVmcmVzaCIsImV4cCI6MTc3ODY2NTk1OCwiaWF0IjoxNzc4MDYxMTU4LCJqdGkiOiJlNDQ0ODVkZTNjYjI0ZjEzODY5OTE1Yjk5MWQzYjVjNyIsInVzZXJfaWQiOiIxIiwicm9sZSI6InJlc3BvbnNhYmxlIiwidXNlcm5hbWUiOiJhZG1pbl9heWEiLCJlbWFpbCI6ImF5YTMwQGdtYWlsLmNvbSJ9.0ZREgOTJox0FdhG9IFFISYqwB5HWnJ-dbFCe_TbXimg	2026-05-06 10:52:38.125874+01	2026-05-13 10:52:38+01	1	e44485de3cb24f13869915b991d3b5c7
58	eyJhbGciOiJIUzI1NiIsInR5cCI6IkpXVCJ9.eyJ0b2tlbl90eXBlIjoicmVmcmVzaCIsImV4cCI6MTc3ODY2NTk2OCwiaWF0IjoxNzc4MDYxMTY4LCJqdGkiOiIwZDhlNzE5OGNhODY0NTY2YTE3MWE1ODZlYmZmOWMzNSIsInVzZXJfaWQiOiIxIn0.dWjziTnW-EkDoUeJWtiscuWLoFvqvuxFeZwfayPTWRE	2026-05-06 10:52:48.295211+01	2026-05-13 10:52:48+01	1	0d8e7198ca864566a171a586ebff9c35
59	eyJhbGciOiJIUzI1NiIsInR5cCI6IkpXVCJ9.eyJ0b2tlbl90eXBlIjoicmVmcmVzaCIsImV4cCI6MTc3ODY2NjA2MiwiaWF0IjoxNzc4MDYxMjYyLCJqdGkiOiJlMGJmMWEyODQwNDQ0M2FkYmU3NTdmZmRjYzNjYTkwMCIsInVzZXJfaWQiOiIxIn0.wqYVsRKff6BTDVevpw9UaAVMlVlViNlro4uR00bkJDA	2026-05-06 10:54:22.995764+01	2026-05-13 10:54:22+01	1	e0bf1a28404443adbe757ffdcc3ca900
60	eyJhbGciOiJIUzI1NiIsInR5cCI6IkpXVCJ9.eyJ0b2tlbl90eXBlIjoicmVmcmVzaCIsImV4cCI6MTc3ODY3MDAwMiwiaWF0IjoxNzc4MDY1MjAyLCJqdGkiOiIxMTRlZjdiZDVkMDk0N2Y4OTg3ZDhlNmU4ZjhhNjkxMiIsInVzZXJfaWQiOiIxIiwicm9sZSI6InJlc3BvbnNhYmxlIiwidXNlcm5hbWUiOiJhZG1pbl9heWEiLCJlbWFpbCI6ImF5YTMwQGdtYWlsLmNvbSJ9.1doPcPpLYQt342fPi3MaF-QurgP-4RwpxubpQ0vEhE4	2026-05-06 12:00:02.328261+01	2026-05-13 12:00:02+01	1	114ef7bd5d0947f8987d8e6e8f8a6912
61	eyJhbGciOiJIUzI1NiIsInR5cCI6IkpXVCJ9.eyJ0b2tlbl90eXBlIjoicmVmcmVzaCIsImV4cCI6MTc3ODY3MDAwMiwiaWF0IjoxNzc4MDY1MjAyLCJqdGkiOiIwYzQ1NjUxN2E5YzE0OTA1ODk5ZWUwYWJlNmYzNWRiNyIsInVzZXJfaWQiOiIxIiwicm9sZSI6InJlc3BvbnNhYmxlIiwidXNlcm5hbWUiOiJhZG1pbl9heWEiLCJlbWFpbCI6ImF5YTMwQGdtYWlsLmNvbSJ9.ypz_E5_sHnkygOyRjx-EvuxkP1kR5GJx0wp2lLY3dFs	2026-05-06 12:00:02.395737+01	2026-05-13 12:00:02+01	1	0c456517a9c14905899ee0abe6f35db7
62	eyJhbGciOiJIUzI1NiIsInR5cCI6IkpXVCJ9.eyJ0b2tlbl90eXBlIjoicmVmcmVzaCIsImV4cCI6MTc3ODY3MDAyOSwiaWF0IjoxNzc4MDY1MjI5LCJqdGkiOiJlOWZhMTc3ZDY4MmI0NjcwOGQ4MDllMWYzYjAyYWRkNSIsInVzZXJfaWQiOiIyIn0.SAILX4dRohMEyqAhJQ2BWbSJrXZyO0d65na0Y2u842A	2026-05-06 12:00:29.809737+01	2026-05-13 12:00:29+01	2	e9fa177d682b46708d809e1f3b02add5
63	eyJhbGciOiJIUzI1NiIsInR5cCI6IkpXVCJ9.eyJ0b2tlbl90eXBlIjoicmVmcmVzaCIsImV4cCI6MTc3ODY3MDA0NiwiaWF0IjoxNzc4MDY1MjQ2LCJqdGkiOiI1MzUwYjc4NDFhOGQ0ZDVjOWFhODNkY2FhMGMyM2ViZSIsInVzZXJfaWQiOiIyIn0.dRHGbIO1jUtdsv97xHP5ccuTFLhktyJz6hvSzzFjw_I	2026-05-06 12:00:46.800598+01	2026-05-13 12:00:46+01	2	5350b7841a8d4d5c9aa83dcaa0c23ebe
64	eyJhbGciOiJIUzI1NiIsInR5cCI6IkpXVCJ9.eyJ0b2tlbl90eXBlIjoicmVmcmVzaCIsImV4cCI6MTc3ODY3MDkzOCwiaWF0IjoxNzc4MDY2MTM4LCJqdGkiOiIzMDU3NjFhOWYyZWQ0NjEzOWU2ZmZkMmVkMjBkNjY3NyIsInVzZXJfaWQiOiIzIn0.4fImvkjdhJOzICaiA30qucIYKUsR7EW4AVuYeEzmv9I	2026-05-06 12:15:38.653994+01	2026-05-13 12:15:38+01	3	305761a9f2ed46139e6ffd2ed20d6677
65	eyJhbGciOiJIUzI1NiIsInR5cCI6IkpXVCJ9.eyJ0b2tlbl90eXBlIjoicmVmcmVzaCIsImV4cCI6MTc3ODc3NzAxNSwiaWF0IjoxNzc4MTcyMjE1LCJqdGkiOiIzOGQyYjZhNzI2YmU0NGY2OTFjZTE4MDY3YjYzNjk1MSIsInVzZXJfaWQiOiIzIiwicm9sZSI6InRlY2huaWNpZW4iLCJ1c2VybmFtZSI6InRlY2huaWNpZW4xIiwiZW1haWwiOiJ0ZWNobmljaWVuMUBvY3AubWEifQ.xDWmNxOXFKOjv6g92L6TH9p6v4xhnMlMmJqblhdZ1zs	2026-05-07 17:43:35.942618+01	2026-05-14 17:43:35+01	3	38d2b6a726be44f691ce18067b636951
66	eyJhbGciOiJIUzI1NiIsInR5cCI6IkpXVCJ9.eyJ0b2tlbl90eXBlIjoicmVmcmVzaCIsImV4cCI6MTc3ODc3NzAxNSwiaWF0IjoxNzc4MTcyMjE1LCJqdGkiOiJiZjEyNzdhZGIxMmI0MDFmOTcyN2I3N2ZlZDRlZTM2MCIsInVzZXJfaWQiOiIzIiwicm9sZSI6InRlY2huaWNpZW4iLCJ1c2VybmFtZSI6InRlY2huaWNpZW4xIiwiZW1haWwiOiJ0ZWNobmljaWVuMUBvY3AubWEifQ.D6xVPwnyLBw0DBsFaZ73Q28TThRM2GJ63hOzV-kErBw	2026-05-07 17:43:35.933383+01	2026-05-14 17:43:35+01	3	bf1277adb12b401f9727b77fed4ee360
67	eyJhbGciOiJIUzI1NiIsInR5cCI6IkpXVCJ9.eyJ0b2tlbl90eXBlIjoicmVmcmVzaCIsImV4cCI6MTc3ODc3NzA0NSwiaWF0IjoxNzc4MTcyMjQ1LCJqdGkiOiJiNWQ0ZjBjYjRhNzM0Y2ZmOGYyMGE5NGRkYzVjNTk3NSIsInVzZXJfaWQiOiIzIn0.4RkL19-0SQbt4F2OzIYU7ZoEA4x3EfHMMHUanhfW5DA	2026-05-07 17:44:05.305824+01	2026-05-14 17:44:05+01	3	b5d4f0cb4a734cff8f20a94ddc5c5975
68	eyJhbGciOiJIUzI1NiIsInR5cCI6IkpXVCJ9.eyJ0b2tlbl90eXBlIjoicmVmcmVzaCIsImV4cCI6MTc3ODc3NzA2MSwiaWF0IjoxNzc4MTcyMjYxLCJqdGkiOiI0ODJkZGNhOGY1Mzg0YmEzOWQzM2VlZDhlNGVmMGUyMSIsInVzZXJfaWQiOiIxIn0.dE5LUZflPuLYy8Z3QWmAWT_K2hY-YK22ZpAR7QFYnuc	2026-05-07 17:44:21.69838+01	2026-05-14 17:44:21+01	1	482ddca8f5384ba39d33eed8e4ef0e21
69	eyJhbGciOiJIUzI1NiIsInR5cCI6IkpXVCJ9.eyJ0b2tlbl90eXBlIjoicmVmcmVzaCIsImV4cCI6MTc3ODc4NDgxMSwiaWF0IjoxNzc4MTgwMDExLCJqdGkiOiJiZWYwNDUyZWE3OTU0MTcyOTdiMjQyZTVlMTlmMDgzOCIsInVzZXJfaWQiOiIxIiwicm9sZSI6InJlc3BvbnNhYmxlIiwidXNlcm5hbWUiOiJhZG1pbl9heWEiLCJlbWFpbCI6ImF5YTMwQGdtYWlsLmNvbSJ9.OkEK7r_QwLWdxNQLk8rgYxdwG4MCpKaYG8Xx0i4wbyY	2026-05-07 19:53:31.758369+01	2026-05-14 19:53:31+01	1	bef0452ea795417297b242e5e19f0838
70	eyJhbGciOiJIUzI1NiIsInR5cCI6IkpXVCJ9.eyJ0b2tlbl90eXBlIjoicmVmcmVzaCIsImV4cCI6MTc3ODc4NDgxMSwiaWF0IjoxNzc4MTgwMDExLCJqdGkiOiI4MzEyM2IyMmQ1NjY0ZTBhOTdiZjExZWQ4MmJlYjEyOCIsInVzZXJfaWQiOiIxIiwicm9sZSI6InJlc3BvbnNhYmxlIiwidXNlcm5hbWUiOiJhZG1pbl9heWEiLCJlbWFpbCI6ImF5YTMwQGdtYWlsLmNvbSJ9.lrcbYJDKIYR6FqQpXVqp-Mn8vDd4WTwenVKBpuYsAhw	2026-05-07 19:53:31.770473+01	2026-05-14 19:53:31+01	1	83123b22d5664e0a97bf11ed82beb128
71	eyJhbGciOiJIUzI1NiIsInR5cCI6IkpXVCJ9.eyJ0b2tlbl90eXBlIjoicmVmcmVzaCIsImV4cCI6MTc3ODc4NDgyOCwiaWF0IjoxNzc4MTgwMDI4LCJqdGkiOiI0YjVkYmQwMzVkNjk0NWNlOTBlOWY5MzM3MjQ0OWUwOSIsInVzZXJfaWQiOiIxIn0.OO_AVkpq4w2zKCiWz-mXvdTDSQ2N-Sv-6__lXZQsyK0	2026-05-07 19:53:48.967944+01	2026-05-14 19:53:48+01	1	4b5dbd035d6945ce90e9f93372449e09
73	eyJhbGciOiJIUzI1NiIsInR5cCI6IkpXVCJ9.eyJ0b2tlbl90eXBlIjoicmVmcmVzaCIsImV4cCI6MTc3ODc5NjMxOCwiaWF0IjoxNzc4MTkxNTE4LCJqdGkiOiIzMjA5YjY0OTQ2MzY0YjYxYjY5YzhjMjcxNzA4NTBlNCIsInVzZXJfaWQiOiIxIiwicm9sZSI6InJlc3BvbnNhYmxlIiwidXNlcm5hbWUiOiJhZG1pbl9heWEiLCJlbWFpbCI6ImF5YTMwQGdtYWlsLmNvbSJ9.GEYLsI3bf9SoTOREtwO6wBZ6p0tGy9p9q6O0V-XcWDI	2026-05-07 23:05:18.330827+01	2026-05-14 23:05:18+01	1	3209b64946364b61b69c8c27170850e4
72	eyJhbGciOiJIUzI1NiIsInR5cCI6IkpXVCJ9.eyJ0b2tlbl90eXBlIjoicmVmcmVzaCIsImV4cCI6MTc3ODc5NjMxOCwiaWF0IjoxNzc4MTkxNTE4LCJqdGkiOiJkZTJlMDk4ZTFmNzE0NTU0OGRhMzczOWEyMmY4MGQ4MyIsInVzZXJfaWQiOiIxIiwicm9sZSI6InJlc3BvbnNhYmxlIiwidXNlcm5hbWUiOiJhZG1pbl9heWEiLCJlbWFpbCI6ImF5YTMwQGdtYWlsLmNvbSJ9.rhFzioFJSBLG49VIAT3kHy8wWD2CcQraYQZBJ_7bsGw	2026-05-07 23:05:18.31337+01	2026-05-14 23:05:18+01	1	de2e098e1f7145548da3739a22f80d83
74	eyJhbGciOiJIUzI1NiIsInR5cCI6IkpXVCJ9.eyJ0b2tlbl90eXBlIjoicmVmcmVzaCIsImV4cCI6MTc3ODc5NjU1OCwiaWF0IjoxNzc4MTkxNzU4LCJqdGkiOiJiNTZjNzBmZWEwZWY0NmQ4YjFjMTQ2MWQ5MDFmMTY2ZiIsInVzZXJfaWQiOiIxIn0.HuI0eJRbNQe-z8LP7RRDuyPKonL2OIlYDjegtGDP7l8	2026-05-07 23:09:18.410325+01	2026-05-14 23:09:18+01	1	b56c70fea0ef46d8b1c1461d901f166f
75	eyJhbGciOiJIUzI1NiIsInR5cCI6IkpXVCJ9.eyJ0b2tlbl90eXBlIjoicmVmcmVzaCIsImV4cCI6MTc3ODc5ODQyNCwiaWF0IjoxNzc4MTkzNjI0LCJqdGkiOiJhNWUzZmQ3ZTZkN2Y0ODI5YWRjNmY4N2ZjMGYyMGM5MCIsInVzZXJfaWQiOiIxIn0.YgEyBPXfjG2ObbNZRQ7g6GcfA66MUZgiFjFdT0J92tY	2026-05-07 23:40:24.634504+01	2026-05-14 23:40:24+01	1	a5e3fd7e6d7f4829adc6f87fc0f20c90
76	eyJhbGciOiJIUzI1NiIsInR5cCI6IkpXVCJ9.eyJ0b2tlbl90eXBlIjoicmVmcmVzaCIsImV4cCI6MTc3ODgyODE3NiwiaWF0IjoxNzc4MjIzMzc2LCJqdGkiOiJkYzRhMzljZDBmNDk0NWY3ODZkMDAwMWQwYmE3NGZmNSIsInVzZXJfaWQiOiIxIn0.ojR8naK7dQxDw3c2RIwM4w3avrG3-Ma-vWPHJyEWLY4	2026-05-08 07:56:16.994335+01	2026-05-15 07:56:16+01	1	dc4a39cd0f4945f786d0001d0ba74ff5
77	eyJhbGciOiJIUzI1NiIsInR5cCI6IkpXVCJ9.eyJ0b2tlbl90eXBlIjoicmVmcmVzaCIsImV4cCI6MTc3ODgyODgwMSwiaWF0IjoxNzc4MjI0MDAxLCJqdGkiOiIwYzVmOWMxZGZmZDA0YzI4YTk1MzkwMGM5MTE5OGMxMCIsInVzZXJfaWQiOiIyIn0.CqFdHd6ubw6XYvxkjZkl07DJSseGAPfLPki4lYv7_SQ	2026-05-08 08:06:41.646763+01	2026-05-15 08:06:41+01	2	0c5f9c1dffd04c28a953900c91198c10
78	eyJhbGciOiJIUzI1NiIsInR5cCI6IkpXVCJ9.eyJ0b2tlbl90eXBlIjoicmVmcmVzaCIsImV4cCI6MTc3ODgyODk4OCwiaWF0IjoxNzc4MjI0MTg4LCJqdGkiOiIxZDUwMTkwOTYyY2Y0ODQyYWY5YjRmODZkMWZjYjhjMiIsInVzZXJfaWQiOiIyIn0.-2O3Z9d3mThj80AFZMgauPXPZ1FKZmidttvRcvs8DZw	2026-05-08 08:09:48.444193+01	2026-05-15 08:09:48+01	2	1d50190962cf4842af9b4f86d1fcb8c2
79	eyJhbGciOiJIUzI1NiIsInR5cCI6IkpXVCJ9.eyJ0b2tlbl90eXBlIjoicmVmcmVzaCIsImV4cCI6MTc3ODgzNzA4OSwiaWF0IjoxNzc4MjMyMjg5LCJqdGkiOiI0OTczODIxZTdkMWQ0ZmM1ODM3YTBlZjRhNjBjNDA5NSIsInVzZXJfaWQiOiIyIn0.bZPLQZ-DWZnkxHeU7GKcHXOIKRejDXW7dYcMYnKat-8	2026-05-08 10:24:49.815034+01	2026-05-15 10:24:49+01	2	4973821e7d1d4fc5837a0ef4a60c4095
80	eyJhbGciOiJIUzI1NiIsInR5cCI6IkpXVCJ9.eyJ0b2tlbl90eXBlIjoicmVmcmVzaCIsImV4cCI6MTc3ODgzNzExMywiaWF0IjoxNzc4MjMyMzEzLCJqdGkiOiJiODYwMjdmYzZmNTM0MzcxYWY2Y2VkY2NhMjQwYjE1OSIsInVzZXJfaWQiOiIxIn0.yAq3U0ZpyGCAkkVKGeCSRki0BhUxTxnFhiR5TsnTq24	2026-05-08 10:25:13.517572+01	2026-05-15 10:25:13+01	1	b86027fc6f534371af6cedcca240b159
81	eyJhbGciOiJIUzI1NiIsInR5cCI6IkpXVCJ9.eyJ0b2tlbl90eXBlIjoicmVmcmVzaCIsImV4cCI6MTc3ODkyMzkzNCwiaWF0IjoxNzc4MzE5MTM0LCJqdGkiOiJjMGQzM2JmZWJkZGI0NzMzODAyMTA0OWU5Yjk3ZTk1YSIsInVzZXJfaWQiOiIzIn0.LcNi7dAsNOgWerkyscOzhY3Zht1Nq7JqeJYY4j4EzSA	2026-05-09 10:32:14.271721+01	2026-05-16 10:32:14+01	3	c0d33bfebddb47338021049e9b97e95a
82	eyJhbGciOiJIUzI1NiIsInR5cCI6IkpXVCJ9.eyJ0b2tlbl90eXBlIjoicmVmcmVzaCIsImV4cCI6MTc3ODkyNDMwNCwiaWF0IjoxNzc4MzE5NTA0LCJqdGkiOiI3MmFjNjNmMDFmYTk0Yzk5YjI0ODFkOGMyNDRkNWEwMiIsInVzZXJfaWQiOiIzIn0.qzo5KWrNYYqgxgiq3yyokPNi5F9crQ1bPMbW6HYwlgY	2026-05-09 10:38:24.918108+01	2026-05-16 10:38:24+01	3	72ac63f01fa94c99b2481d8c244d5a02
83	eyJhbGciOiJIUzI1NiIsInR5cCI6IkpXVCJ9.eyJ0b2tlbl90eXBlIjoicmVmcmVzaCIsImV4cCI6MTc3ODkyNDMyMSwiaWF0IjoxNzc4MzE5NTIxLCJqdGkiOiI4YmYwYzE3NGIzZjk0N2JkOGYyYzFmNWI1NTM0NDI2YSIsInVzZXJfaWQiOiIxIn0.3KXet26YXUH9mGnCAG1HG_oSA6dxkKTvWmHsXbSSlu4	2026-05-09 10:38:41.708635+01	2026-05-16 10:38:41+01	1	8bf0c174b3f947bd8f2c1f5b5534426a
84	eyJhbGciOiJIUzI1NiIsInR5cCI6IkpXVCJ9.eyJ0b2tlbl90eXBlIjoicmVmcmVzaCIsImV4cCI6MTc3ODkyNDMzNCwiaWF0IjoxNzc4MzE5NTM0LCJqdGkiOiI3ZTcyM2ZiYTkxM2Q0OTQ5YWMxODlhZmI0NWE5Nzc0ZCIsInVzZXJfaWQiOiIzIn0.XYgLhxon2otSEurwxq-crAs-J8ktG_JD3cIurouTq7k	2026-05-09 10:38:54.557591+01	2026-05-16 10:38:54+01	3	7e723fba913d4949ac189afb45a9774d
85	eyJhbGciOiJIUzI1NiIsInR5cCI6IkpXVCJ9.eyJ0b2tlbl90eXBlIjoicmVmcmVzaCIsImV4cCI6MTc3ODkyNTA1NSwiaWF0IjoxNzc4MzIwMjU1LCJqdGkiOiI5YWQxZTAyZGM5YmY0ODBhODc5NmJiMWNhY2JiZGQwOCIsInVzZXJfaWQiOiIxIn0.DAinIicD0La8K5mwVN1SDNdkHcrL9vzj_jIAF2iCAew	2026-05-09 10:50:55.720176+01	2026-05-16 10:50:55+01	1	9ad1e02dc9bf480a8796bb1cacbbdd08
86	eyJhbGciOiJIUzI1NiIsInR5cCI6IkpXVCJ9.eyJ0b2tlbl90eXBlIjoicmVmcmVzaCIsImV4cCI6MTc3ODkyNTEwMywiaWF0IjoxNzc4MzIwMzAzLCJqdGkiOiIxZDRmMmM1MTgwYmQ0YTNmYjg0MDcwNWQ5Yzc0MGU3MCIsInVzZXJfaWQiOiIzIn0.k34EudX7F18MSelyUIR0uKtmOXIpV98duzJVj4Mxgmk	2026-05-09 10:51:43.816618+01	2026-05-16 10:51:43+01	3	1d4f2c5180bd4a3fb840705d9c740e70
87	eyJhbGciOiJIUzI1NiIsInR5cCI6IkpXVCJ9.eyJ0b2tlbl90eXBlIjoicmVmcmVzaCIsImV4cCI6MTc3ODkyNTIyNiwiaWF0IjoxNzc4MzIwNDI2LCJqdGkiOiIwZTM4YmVmYzA3NmI0OThiODlmOWNlZTYwNTVjODIyMiIsInVzZXJfaWQiOiIyIn0.LSC7A1UcZU4v0QxJQHMis7cywWKIKI_rroAy5QKlJ58	2026-05-09 10:53:46.959185+01	2026-05-16 10:53:46+01	2	0e38befc076b498b89f9cee6055c8222
88	eyJhbGciOiJIUzI1NiIsInR5cCI6IkpXVCJ9.eyJ0b2tlbl90eXBlIjoicmVmcmVzaCIsImV4cCI6MTc3ODk2NDI1NiwiaWF0IjoxNzc4MzU5NDU2LCJqdGkiOiJhMzRjYTM2ZjUxOGI0YmUyODI2YzM5NGMxZDFkOTgzZCIsInVzZXJfaWQiOiIyIn0.q1iORo7CRrLOe-TTkf84IPUs81IN9_72oOMyKcNtYQQ	2026-05-09 21:44:16.995557+01	2026-05-16 21:44:16+01	2	a34ca36f518b4be2826c394c1d1d983d
89	eyJhbGciOiJIUzI1NiIsInR5cCI6IkpXVCJ9.eyJ0b2tlbl90eXBlIjoicmVmcmVzaCIsImV4cCI6MTc3ODk2NDY3MCwiaWF0IjoxNzc4MzU5ODcwLCJqdGkiOiI2NzRjMWQ5MWQ3MjY0YWNhOTEyYmM3NTJkOGY3NGU1MyIsInVzZXJfaWQiOiIzIn0.Ozhg8Yf7jueubM4EiW-WfOrdgq728GvDZdVbLIQo5V0	2026-05-09 21:51:10.547155+01	2026-05-16 21:51:10+01	3	674c1d91d7264aca912bc752d8f74e53
90	eyJhbGciOiJIUzI1NiIsInR5cCI6IkpXVCJ9.eyJ0b2tlbl90eXBlIjoicmVmcmVzaCIsImV4cCI6MTc3OTAzMDIwMiwiaWF0IjoxNzc4NDI1NDAyLCJqdGkiOiJlNjIwYmY4MTVmZDA0YzhhOTNjMWJlYjFmMGRjODY2MCIsInVzZXJfaWQiOiI0In0.9u4nkDlYmmxFSrbu7gxKd9KbGn5R0l6h9r4YSQc9coA	2026-05-10 16:03:22.8208+01	2026-05-17 16:03:22+01	4	e620bf815fd04c8a93c1beb1f0dc8660
91	eyJhbGciOiJIUzI1NiIsInR5cCI6IkpXVCJ9.eyJ0b2tlbl90eXBlIjoicmVmcmVzaCIsImV4cCI6MTc3OTAzMDYyNiwiaWF0IjoxNzc4NDI1ODI2LCJqdGkiOiI0YTc2OGRlYTQxZjA0OTllYmZjNDkwMmQ1NDllNjNhNSIsInVzZXJfaWQiOiIzIn0.aFEr1zyI9bduxTSaHO1vvoGeAO7Rj-_ZUebc4HkXp8w	2026-05-10 16:10:26.308728+01	2026-05-17 16:10:26+01	3	4a768dea41f0499ebfc4902d549e63a5
92	eyJhbGciOiJIUzI1NiIsInR5cCI6IkpXVCJ9.eyJ0b2tlbl90eXBlIjoicmVmcmVzaCIsImV4cCI6MTc3OTAzMDgzOCwiaWF0IjoxNzc4NDI2MDM4LCJqdGkiOiI2YjA2NzRmZGMwYzk0OTBjODNjN2U4ZDc1OWY2ZDNiNCIsInVzZXJfaWQiOiIyIn0.EejvpKepcS2GZWcyjWSd27kFxQjC19r_byYHJhsZFAY	2026-05-10 16:13:58.512826+01	2026-05-17 16:13:58+01	2	6b0674fdc0c9490c83c7e8d759f6d3b4
93	eyJhbGciOiJIUzI1NiIsInR5cCI6IkpXVCJ9.eyJ0b2tlbl90eXBlIjoicmVmcmVzaCIsImV4cCI6MTc3OTAzMDg5MiwiaWF0IjoxNzc4NDI2MDkyLCJqdGkiOiI5NDY2NjRiY2M1YTU0MTRmOTJlZjc3OTE4YTNlNjc1MiIsInVzZXJfaWQiOiIzIn0.JnJ9IwKMGSakpwnU7xDwFBhCYsCKR1oziy54X_K1apU	2026-05-10 16:14:52.921014+01	2026-05-17 16:14:52+01	3	946664bcc5a5414f92ef77918a3e6752
94	eyJhbGciOiJIUzI1NiIsInR5cCI6IkpXVCJ9.eyJ0b2tlbl90eXBlIjoicmVmcmVzaCIsImV4cCI6MTc3OTAzMDk3NSwiaWF0IjoxNzc4NDI2MTc1LCJqdGkiOiJiNmQxNDNkZmE5ZDA0YTViOTA5MzU2MjhhNmFlMDYzYSIsInVzZXJfaWQiOiIyIn0.HXKT7ibMb59klcG1In1Am0SowS9PXb_cs1XdXc9-GSE	2026-05-10 16:16:15.529303+01	2026-05-17 16:16:15+01	2	b6d143dfa9d04a5b90935628a6ae063a
95	eyJhbGciOiJIUzI1NiIsInR5cCI6IkpXVCJ9.eyJ0b2tlbl90eXBlIjoicmVmcmVzaCIsImV4cCI6MTc3OTAzMjUzNSwiaWF0IjoxNzc4NDI3NzM1LCJqdGkiOiIwMTkwYzMxODUyYzE0MjNkYmJjOTVlZjBiMjg1YzkyNCIsInVzZXJfaWQiOiIzIn0.MoTNm2fu1sdfi7yZj94kBlmwAXL8dF8uXWaehmZGhkY	2026-05-10 16:42:15.786454+01	2026-05-17 16:42:15+01	3	0190c31852c1423dbbc95ef0b285c924
96	eyJhbGciOiJIUzI1NiIsInR5cCI6IkpXVCJ9.eyJ0b2tlbl90eXBlIjoicmVmcmVzaCIsImV4cCI6MTc3OTA1MTIwOCwiaWF0IjoxNzc4NDQ2NDA4LCJqdGkiOiIyZGRhMzdkYTBlZWE0NjQ4OGRiMTRkZjlkNzNjN2M4NCIsInVzZXJfaWQiOiIzIiwicm9sZSI6InRlY2huaWNpZW4iLCJ1c2VybmFtZSI6InRlY2huaWNpZW4xIiwiZW1haWwiOiJ0ZWNobmljaWVuMUBvY3AubWEifQ.aG_ZAiq8xXgtaKS5RiwYHu8TNr6zQbJ07NhJBXH7BtI	2026-05-10 21:53:28.775165+01	2026-05-17 21:53:28+01	3	2dda37da0eea46488db14df9d73c7c84
97	eyJhbGciOiJIUzI1NiIsInR5cCI6IkpXVCJ9.eyJ0b2tlbl90eXBlIjoicmVmcmVzaCIsImV4cCI6MTc3OTA4ODI5OCwiaWF0IjoxNzc4NDgzNDk4LCJqdGkiOiI3OTI3Yjg3MmIzNDQ0ZjQwOGNmMjQwMTU0MTM1N2Q5OSIsInVzZXJfaWQiOiIzIn0.fgXAE-XEXjMPebj-OAEsKGH17-8JM8LWy-KnW1HAvoc	2026-05-11 08:11:38.597186+01	2026-05-18 08:11:38+01	3	7927b872b3444f408cf2401541357d99
98	eyJhbGciOiJIUzI1NiIsInR5cCI6IkpXVCJ9.eyJ0b2tlbl90eXBlIjoicmVmcmVzaCIsImV4cCI6MTc3OTA4ODMzOSwiaWF0IjoxNzc4NDgzNTM5LCJqdGkiOiI1Y2M3Y2FiNGE2YTM0N2E5YjhjOThjNjQ0MjE2MGM0OCIsInVzZXJfaWQiOiI0In0.BiPk-WwPAMe4q70B9uglZiNLatJvzgZ9m-Bu9ZR1HQM	2026-05-11 08:12:19.956506+01	2026-05-18 08:12:19+01	4	5cc7cab4a6a347a9b8c98c6442160c48
99	eyJhbGciOiJIUzI1NiIsInR5cCI6IkpXVCJ9.eyJ0b2tlbl90eXBlIjoicmVmcmVzaCIsImV4cCI6MTc3OTA4ODM1NiwiaWF0IjoxNzc4NDgzNTU2LCJqdGkiOiJjNWNlMWFlNjJiYjg0MmU4YTgyZTNhODA2MjA5MjVjZSIsInVzZXJfaWQiOiIyIn0.Sej1b3vFRZCL7S8p2TlFLNlSagvxBR504JPR3lYjsTs	2026-05-11 08:12:36.967866+01	2026-05-18 08:12:36+01	2	c5ce1ae62bb842e8a82e3a80620925ce
100	eyJhbGciOiJIUzI1NiIsInR5cCI6IkpXVCJ9.eyJ0b2tlbl90eXBlIjoicmVmcmVzaCIsImV4cCI6MTc3OTA5MjQ4OSwiaWF0IjoxNzc4NDg3Njg5LCJqdGkiOiJkZmUyM2UwZTA3NTI0YWEzOGZmZTNiN2E0Y2NhYTE5NiIsInVzZXJfaWQiOiI0In0.YTg_e8NLCKkHC3cp_HVj34G38FXrQ2yvZj86Ptj37qo	2026-05-11 09:21:29.438475+01	2026-05-18 09:21:29+01	4	dfe23e0e07524aa38ffe3b7a4ccaa196
101	eyJhbGciOiJIUzI1NiIsInR5cCI6IkpXVCJ9.eyJ0b2tlbl90eXBlIjoicmVmcmVzaCIsImV4cCI6MTc3OTA5Mzk2MywiaWF0IjoxNzc4NDg5MTYzLCJqdGkiOiIwZGJkOWEzOGJhMzg0MGUzOWU4YzlkNGQyMzZmYjFjNiIsInVzZXJfaWQiOiIzIn0.WKiRr7IBSHmSXbr5eCTCW11n0ssMZRRTm4DBAGlsT8s	2026-05-11 09:46:03.496663+01	2026-05-18 09:46:03+01	3	0dbd9a38ba3840e39e8c9d4d236fb1c6
102	eyJhbGciOiJIUzI1NiIsInR5cCI6IkpXVCJ9.eyJ0b2tlbl90eXBlIjoicmVmcmVzaCIsImV4cCI6MTc3OTA5NzU4NiwiaWF0IjoxNzc4NDkyNzg2LCJqdGkiOiJiYWIxZTZhZjJiOWI0ODUxYWJhOGQyNTlkZTZmZWVkNSIsInVzZXJfaWQiOiIzIiwicm9sZSI6InRlY2huaWNpZW4iLCJ1c2VybmFtZSI6InRlY2huaWNpZW4xIiwiZW1haWwiOiJ0ZWNobmljaWVuMUBvY3AubWEifQ.VvbXrqw-m5ix7-8yOBbe94FLWZmXh51cx6zHDDE7N0A	2026-05-11 10:46:26.255367+01	2026-05-18 10:46:26+01	3	bab1e6af2b9b4851aba8d259de6feed5
103	eyJhbGciOiJIUzI1NiIsInR5cCI6IkpXVCJ9.eyJ0b2tlbl90eXBlIjoicmVmcmVzaCIsImV4cCI6MTc3OTA5OTU3MCwiaWF0IjoxNzc4NDk0NzcwLCJqdGkiOiJiZTAyMzU2OGNiMzY0ZmFkOTkwMGFmODAzODlmYzNmZiIsInVzZXJfaWQiOiI0In0.IxZq3C4bcRTLKIeGwJgUVj3-CllJCWE1V3nGFlAizaI	2026-05-11 11:19:30.442184+01	2026-05-18 11:19:30+01	4	be023568cb364fad9900af80389fc3ff
104	eyJhbGciOiJIUzI1NiIsInR5cCI6IkpXVCJ9.eyJ0b2tlbl90eXBlIjoicmVmcmVzaCIsImV4cCI6MTc3OTA5OTYyNiwiaWF0IjoxNzc4NDk0ODI2LCJqdGkiOiI5ZWM1YTg2MzI1MWY0ODQ0OWFiNGNkNDEwNzYwMjNkZiIsInVzZXJfaWQiOiIyIn0.HLOWI7z6zEZyJthBoKAlJV-Ctb36oi-D_1YRqYllPjM	2026-05-11 11:20:26.056147+01	2026-05-18 11:20:26+01	2	9ec5a863251f48449ab4cd41076023df
105	eyJhbGciOiJIUzI1NiIsInR5cCI6IkpXVCJ9.eyJ0b2tlbl90eXBlIjoicmVmcmVzaCIsImV4cCI6MTc3OTA5OTY2NCwiaWF0IjoxNzc4NDk0ODY0LCJqdGkiOiI1M2NhYjcyMDk3Yjg0M2QyOTJkZWM3NGFiZWViMTNhNCIsInVzZXJfaWQiOiIzIn0.TIevBYk6ibpK5Dyr2XcYe1ntdgJMeQYTmsRxc6Cm9gA	2026-05-11 11:21:04.642838+01	2026-05-18 11:21:04+01	3	53cab72097b843d292dec74abeeb13a4
106	eyJhbGciOiJIUzI1NiIsInR5cCI6IkpXVCJ9.eyJ0b2tlbl90eXBlIjoicmVmcmVzaCIsImV4cCI6MTc3OTEwMDAyMiwiaWF0IjoxNzc4NDk1MjIyLCJqdGkiOiJmMDBlOTQ4NDI3ODI0NDAzOTQzYWMxOWZkNTc1NTAzMCIsInVzZXJfaWQiOiIzIn0.t-uk1Qlz6m-axA59_fgQeM5YugjP6Ru_brD1Yvf1w_k	2026-05-11 11:27:02.976203+01	2026-05-18 11:27:02+01	3	f00e948427824403943ac19fd5755030
107	eyJhbGciOiJIUzI1NiIsInR5cCI6IkpXVCJ9.eyJ0b2tlbl90eXBlIjoicmVmcmVzaCIsImV4cCI6MTc3OTEwMDUyMywiaWF0IjoxNzc4NDk1NzIzLCJqdGkiOiI1NDJjZTkxMGE3YzI0YjdkYTI3NGNjYTBmYmE2MDczMiIsInVzZXJfaWQiOiIzIn0.iWYR-CoCMQ5hqth8e1YQi0JzcMp4yAFiOzveQwgKidg	2026-05-11 11:35:23.576807+01	2026-05-18 11:35:23+01	3	542ce910a7c24b7da274cca0fba60732
108	eyJhbGciOiJIUzI1NiIsInR5cCI6IkpXVCJ9.eyJ0b2tlbl90eXBlIjoicmVmcmVzaCIsImV4cCI6MTc3OTEwNDA3NiwiaWF0IjoxNzc4NDk5Mjc2LCJqdGkiOiJlM2Q5ZWM3ZDYwZjg0ZGQ3OThjN2Y3MmIxZTFmZDA5MyIsInVzZXJfaWQiOiIzIn0.FmCFIrK__kUYm9-azbVM5cTR2H2gKiXdCVGrkybDz6w	2026-05-11 12:34:36.449704+01	2026-05-18 12:34:36+01	3	e3d9ec7d60f84dd798c7f72b1e1fd093
109	eyJhbGciOiJIUzI1NiIsInR5cCI6IkpXVCJ9.eyJ0b2tlbl90eXBlIjoicmVmcmVzaCIsImV4cCI6MTc3OTEwNDE2NiwiaWF0IjoxNzc4NDk5MzY2LCJqdGkiOiJlOWU4Yzc3YWY5Mzg0NWI0YWEzN2MwYWU3M2ZkODVkOSIsInVzZXJfaWQiOiI0In0.S1e-JE1ZxMF8TCSpGjtWQ0t8pVWWf0NBEBfQUx5PJyI	2026-05-11 12:36:06.138261+01	2026-05-18 12:36:06+01	4	e9e8c77af93845b4aa37c0ae73fd85d9
110	eyJhbGciOiJIUzI1NiIsInR5cCI6IkpXVCJ9.eyJ0b2tlbl90eXBlIjoicmVmcmVzaCIsImV4cCI6MTc3OTEwNDIxOCwiaWF0IjoxNzc4NDk5NDE4LCJqdGkiOiJhYTA3OGQ2ZWRkMDA0ZGQ3YjJiNWU2NDIwNmQ3ZDY1ZiIsInVzZXJfaWQiOiIzIn0.pQ5opcA8Rt9pQFJ4-RxdCYjLvEmFtVI3uMKpOoc_2kI	2026-05-11 12:36:58.000089+01	2026-05-18 12:36:58+01	3	aa078d6edd004dd7b2b5e64206d7d65f
111	eyJhbGciOiJIUzI1NiIsInR5cCI6IkpXVCJ9.eyJ0b2tlbl90eXBlIjoicmVmcmVzaCIsImV4cCI6MTc3OTEwNjAyMiwiaWF0IjoxNzc4NTAxMjIyLCJqdGkiOiIwMzAxNDc2NmY5NjU0MDBkYTc0ZDU2MjlmYzQ5NTBmOCIsInVzZXJfaWQiOiIzIn0.BbI15SNhLUmzXVt1XxpMHYq1dufd4wkYZB-eFA7Rfp4	2026-05-11 13:07:02.326097+01	2026-05-18 13:07:02+01	3	03014766f965400da74d5629fc4950f8
112	eyJhbGciOiJIUzI1NiIsInR5cCI6IkpXVCJ9.eyJ0b2tlbl90eXBlIjoicmVmcmVzaCIsImV4cCI6MTc3OTEyMTY5NywiaWF0IjoxNzc4NTE2ODk3LCJqdGkiOiI3NmRlOTU5MTY0ZDg0ZmU0YmYwMTRhNWZjMWY2ZjQzNyIsInVzZXJfaWQiOiIzIiwicm9sZSI6InRlY2huaWNpZW4iLCJ1c2VybmFtZSI6InRlY2huaWNpZW4xIiwiZW1haWwiOiJ0ZWNobmljaWVuMUBvY3AubWEifQ.50LTdW6J48s-IzS3pmpPJYHmp1Lco_BKpHwoss3aMnQ	2026-05-11 17:28:17.509411+01	2026-05-18 17:28:17+01	3	76de959164d84fe4bf014a5fc1f6f437
134	eyJhbGciOiJIUzI1NiIsInR5cCI6IkpXVCJ9.eyJ0b2tlbl90eXBlIjoicmVmcmVzaCIsImV4cCI6MTc3OTI4MDY3MywiaWF0IjoxNzc4Njc1ODczLCJqdGkiOiI1M2IxM2MzY2YxNGM0Yjg4OTdjZDM0Y2Q3ZjNiYWJiYiIsInVzZXJfaWQiOiIyIn0.8_aMiMDpiyaltDYR8Hqcd8tKcWz3PsznDbH439qrS98	2026-05-13 13:37:53.692275+01	2026-05-20 13:37:53+01	2	53b13c3cf14c4b8897cd34cd7f3babbb
113	eyJhbGciOiJIUzI1NiIsInR5cCI6IkpXVCJ9.eyJ0b2tlbl90eXBlIjoicmVmcmVzaCIsImV4cCI6MTc3OTEyMTY5NywiaWF0IjoxNzc4NTE2ODk3LCJqdGkiOiIxYWE5N2Y0ZDUzNTA0OWFiODFhODQ3ODIzOTg5ZWJjNSIsInVzZXJfaWQiOiIzIiwicm9sZSI6InRlY2huaWNpZW4iLCJ1c2VybmFtZSI6InRlY2huaWNpZW4xIiwiZW1haWwiOiJ0ZWNobmljaWVuMUBvY3AubWEifQ.zTyIeVVZeJmUHg0VCHy6S_9T1g07HT-3PiYL64bE8Cg	2026-05-11 17:28:17.521604+01	2026-05-18 17:28:17+01	3	1aa97f4d535049ab81a847823989ebc5
114	eyJhbGciOiJIUzI1NiIsInR5cCI6IkpXVCJ9.eyJ0b2tlbl90eXBlIjoicmVmcmVzaCIsImV4cCI6MTc3OTIwMDIzMCwiaWF0IjoxNzc4NTk1NDMwLCJqdGkiOiI3NTI2NDM1OGVkN2Q0MTNhOTM3MWQ5YWI0NWZiZDc3ZCIsInVzZXJfaWQiOiIzIn0.ywcuyeXHmjjawBb1p2XTqqXWBYHRplQzVIIzlJ6PGn0	2026-05-12 15:17:10.235941+01	2026-05-19 15:17:10+01	3	75264358ed7d413a9371d9ab45fbd77d
115	eyJhbGciOiJIUzI1NiIsInR5cCI6IkpXVCJ9.eyJ0b2tlbl90eXBlIjoicmVmcmVzaCIsImV4cCI6MTc3OTIwMTcwMiwiaWF0IjoxNzc4NTk2OTAyLCJqdGkiOiJiN2YxOGIzNDE1MzM0YWQ4YjQ5NDMyMThkNzVkNDgzOSIsInVzZXJfaWQiOiIyIn0.MHayASR3ysP0x001vctaZnXRVhHe7th9gqzPxyeYBZE	2026-05-12 15:41:42.106006+01	2026-05-19 15:41:42+01	2	b7f18b3415334ad8b4943218d75d4839
116	eyJhbGciOiJIUzI1NiIsInR5cCI6IkpXVCJ9.eyJ0b2tlbl90eXBlIjoicmVmcmVzaCIsImV4cCI6MTc3OTIwMTgxNSwiaWF0IjoxNzc4NTk3MDE1LCJqdGkiOiJmNWMyMTQ2NGRhYzg0ZDNiYTI1NTg2ZTI4MWFkMzg5NyIsInVzZXJfaWQiOiIzIn0.p2bUX5ITrH80fWzB8BSu7OuuBLDClJZUFrIXiE0caqA	2026-05-12 15:43:35.53848+01	2026-05-19 15:43:35+01	3	f5c21464dac84d3ba25586e281ad3897
117	eyJhbGciOiJIUzI1NiIsInR5cCI6IkpXVCJ9.eyJ0b2tlbl90eXBlIjoicmVmcmVzaCIsImV4cCI6MTc3OTIwMjIyOCwiaWF0IjoxNzc4NTk3NDI4LCJqdGkiOiIzMmUyOGJiYjgyNjQ0ZGQ3OWNhMWZhMTU2ZmE1MzM1NSIsInVzZXJfaWQiOiIyIn0.njs9kHMtfdEuMAO-szAXuqUwE4C8_LIL5HlABvj6PxY	2026-05-12 15:50:28.530734+01	2026-05-19 15:50:28+01	2	32e28bbb82644dd79ca1fa156fa53355
118	eyJhbGciOiJIUzI1NiIsInR5cCI6IkpXVCJ9.eyJ0b2tlbl90eXBlIjoicmVmcmVzaCIsImV4cCI6MTc3OTIwMjI2NywiaWF0IjoxNzc4NTk3NDY3LCJqdGkiOiJmYzc2MmMzMGY2ZDM0NGQwODI2MDA4YzAwMjhhZGExMiIsInVzZXJfaWQiOiIzIn0.t8A7iXFKjZ1zjytemmLEVFUVZSvyobpgdpR3EjAivLE	2026-05-12 15:51:07.058713+01	2026-05-19 15:51:07+01	3	fc762c30f6d344d0826008c0028ada12
119	eyJhbGciOiJIUzI1NiIsInR5cCI6IkpXVCJ9.eyJ0b2tlbl90eXBlIjoicmVmcmVzaCIsImV4cCI6MTc3OTIwMzAzMywiaWF0IjoxNzc4NTk4MjMzLCJqdGkiOiIyZTI1YmI3ODVkMzQ0Nzk0YmI3YTE0ZTZhODY4NzNmMCIsInVzZXJfaWQiOiIyIn0.jLtCfo0QVl-MDbwv4kh95yuSGnfBQi0YtBmCeyPMh-U	2026-05-12 16:03:53.452869+01	2026-05-19 16:03:53+01	2	2e25bb785d344794bb7a14e6a86873f0
120	eyJhbGciOiJIUzI1NiIsInR5cCI6IkpXVCJ9.eyJ0b2tlbl90eXBlIjoicmVmcmVzaCIsImV4cCI6MTc3OTIwMzA4MywiaWF0IjoxNzc4NTk4MjgzLCJqdGkiOiJmMWIxMmY5ODYwMjU0MmYyYWM3ZGJkZjc1NzIxNDQxMyIsInVzZXJfaWQiOiIzIn0.ClIRVMBoG2iz0Ozuy6rCHKMqV1fb5dogzYSJD6wDWBY	2026-05-12 16:04:43.420227+01	2026-05-19 16:04:43+01	3	f1b12f98602542f2ac7dbdf757214413
121	eyJhbGciOiJIUzI1NiIsInR5cCI6IkpXVCJ9.eyJ0b2tlbl90eXBlIjoicmVmcmVzaCIsImV4cCI6MTc3OTIxMDMwOCwiaWF0IjoxNzc4NjA1NTA4LCJqdGkiOiI3NjBjYjhjOTA4YjQ0OTVlYWJmZTJiNTk4MTIwMzNjMCIsInVzZXJfaWQiOiIzIiwicm9sZSI6InRlY2huaWNpZW4iLCJ1c2VybmFtZSI6InRlY2huaWNpZW4xIiwiZW1haWwiOiJ0ZWNobmljaWVuMUBvY3AubWEifQ.2uo7iMCtNwN8ujHNHRXmT0h2XMwPV0h2L-FIjNtieyc	2026-05-12 18:05:08.97306+01	2026-05-19 18:05:08+01	3	760cb8c908b4495eabfe2b59812033c0
122	eyJhbGciOiJIUzI1NiIsInR5cCI6IkpXVCJ9.eyJ0b2tlbl90eXBlIjoicmVmcmVzaCIsImV4cCI6MTc3OTIxMDMwOCwiaWF0IjoxNzc4NjA1NTA4LCJqdGkiOiIxNjRlYTI0YWRhYzk0N2I2ODZiMzAxOWEyNTEzNDQyNiIsInVzZXJfaWQiOiIzIiwicm9sZSI6InRlY2huaWNpZW4iLCJ1c2VybmFtZSI6InRlY2huaWNpZW4xIiwiZW1haWwiOiJ0ZWNobmljaWVuMUBvY3AubWEifQ.aw4hbrhHtfQD_UauJeHsHR0GHi4LstvlMGO0G8bAhCE	2026-05-12 18:05:08.982707+01	2026-05-19 18:05:08+01	3	164ea24adac947b686b3019a25134426
123	eyJhbGciOiJIUzI1NiIsInR5cCI6IkpXVCJ9.eyJ0b2tlbl90eXBlIjoicmVmcmVzaCIsImV4cCI6MTc3OTIxMDMwOCwiaWF0IjoxNzc4NjA1NTA4LCJqdGkiOiI2OTg4Yjg2Y2Y2NjU0NWVhODE4ZGFiOGJhYTBlZWJlMSIsInVzZXJfaWQiOiIzIiwicm9sZSI6InRlY2huaWNpZW4iLCJ1c2VybmFtZSI6InRlY2huaWNpZW4xIiwiZW1haWwiOiJ0ZWNobmljaWVuMUBvY3AubWEifQ.zeYvFCoHLs7REnI0s8nwUH3gn6BhEKMv6qfU4pJQs0k	2026-05-12 18:05:08.957681+01	2026-05-19 18:05:08+01	3	6988b86cf66545ea818dab8baa0eebe1
124	eyJhbGciOiJIUzI1NiIsInR5cCI6IkpXVCJ9.eyJ0b2tlbl90eXBlIjoicmVmcmVzaCIsImV4cCI6MTc3OTIxMDMwOCwiaWF0IjoxNzc4NjA1NTA4LCJqdGkiOiIwYTkxM2E0ZDA0NWQ0ZmU4ODM1YmMzNmZkOTdmZDg2MiIsInVzZXJfaWQiOiIzIiwicm9sZSI6InRlY2huaWNpZW4iLCJ1c2VybmFtZSI6InRlY2huaWNpZW4xIiwiZW1haWwiOiJ0ZWNobmljaWVuMUBvY3AubWEifQ.UwFrkWMXujnr7FmEVcPM4zS_I_QX-5RjH46r4aWelME	2026-05-12 18:05:08.990372+01	2026-05-19 18:05:08+01	3	0a913a4d045d4fe8835bc36fd97fd862
125	eyJhbGciOiJIUzI1NiIsInR5cCI6IkpXVCJ9.eyJ0b2tlbl90eXBlIjoicmVmcmVzaCIsImV4cCI6MTc3OTIxMDYwNywiaWF0IjoxNzc4NjA1ODA3LCJqdGkiOiJhYWM2MjA1ZDA3NTA0ZDNlYjE2MWRmNTZhODczMzMwNSIsInVzZXJfaWQiOiIyIn0.ppu08LLVAJq4DTEVMtv8b-0FQzzsPNYWkrsdTokMQis	2026-05-12 18:10:07.857164+01	2026-05-19 18:10:07+01	2	aac6205d07504d3eb161df56a8733305
126	eyJhbGciOiJIUzI1NiIsInR5cCI6IkpXVCJ9.eyJ0b2tlbl90eXBlIjoicmVmcmVzaCIsImV4cCI6MTc3OTIxMDY5MCwiaWF0IjoxNzc4NjA1ODkwLCJqdGkiOiI1ZGUyMjkyMWYwMTI0ZjY1YTQ3YjliMzc2ODM4YWM0ZiIsInVzZXJfaWQiOiIzIn0.8B_wjhFs5vUl_0ZpySOcYDaU8DpW1hgoC4NUWrgDsdo	2026-05-12 18:11:30.707223+01	2026-05-19 18:11:30+01	3	5de22921f0124f65a47b9b376838ac4f
127	eyJhbGciOiJIUzI1NiIsInR5cCI6IkpXVCJ9.eyJ0b2tlbl90eXBlIjoicmVmcmVzaCIsImV4cCI6MTc3OTI2OTA3MCwiaWF0IjoxNzc4NjY0MjcwLCJqdGkiOiJkMDY4NjVmM2IyNDU0MjdlYmI4NzYxNWMxOWNhMzU3NSIsInVzZXJfaWQiOiIzIiwicm9sZSI6InRlY2huaWNpZW4iLCJ1c2VybmFtZSI6InRlY2huaWNpZW4xIiwiZW1haWwiOiJ0ZWNobmljaWVuMUBvY3AubWEifQ.GaowFRHJf0toQ-noHCmKJ_sfZY8vp5bEgO4asgjdD_8	2026-05-13 10:24:30.611168+01	2026-05-20 10:24:30+01	3	d06865f3b245427ebb87615c19ca3575
128	eyJhbGciOiJIUzI1NiIsInR5cCI6IkpXVCJ9.eyJ0b2tlbl90eXBlIjoicmVmcmVzaCIsImV4cCI6MTc3OTI2OTA3MCwiaWF0IjoxNzc4NjY0MjcwLCJqdGkiOiIyN2UxOGNiYjY3YTE0ZDliODNhYWE0MGU3ZGRmYmQ2MiIsInVzZXJfaWQiOiIzIiwicm9sZSI6InRlY2huaWNpZW4iLCJ1c2VybmFtZSI6InRlY2huaWNpZW4xIiwiZW1haWwiOiJ0ZWNobmljaWVuMUBvY3AubWEifQ.-IZu0nn4PF-hJDHq2Hu3WBfYa3w_zXEXLFvJCpXRhbg	2026-05-13 10:24:30.761868+01	2026-05-20 10:24:30+01	3	27e18cbb67a14d9b83aaa40e7ddfbd62
129	eyJhbGciOiJIUzI1NiIsInR5cCI6IkpXVCJ9.eyJ0b2tlbl90eXBlIjoicmVmcmVzaCIsImV4cCI6MTc3OTI2OTA3MCwiaWF0IjoxNzc4NjY0MjcwLCJqdGkiOiIyZWNmZGU5MTM0ZWQ0NGY0OGQ1MmJmZWM4OWViZTI4YyIsInVzZXJfaWQiOiIzIiwicm9sZSI6InRlY2huaWNpZW4iLCJ1c2VybmFtZSI6InRlY2huaWNpZW4xIiwiZW1haWwiOiJ0ZWNobmljaWVuMUBvY3AubWEifQ.GQNcF1jYcB-jqlHgX_-keb4RTvwjpmJ-qU7a_7xVgb0	2026-05-13 10:24:30.749389+01	2026-05-20 10:24:30+01	3	2ecfde9134ed44f48d52bfec89ebe28c
130	eyJhbGciOiJIUzI1NiIsInR5cCI6IkpXVCJ9.eyJ0b2tlbl90eXBlIjoicmVmcmVzaCIsImV4cCI6MTc3OTI2OTA3OSwiaWF0IjoxNzc4NjY0Mjc5LCJqdGkiOiI2Y2Q1OTY2MzFiN2I0MmNlYWZmOTFmY2RlODMyNzdmOSIsInVzZXJfaWQiOiIzIn0.5Woc9H2W0gorGlJfl5gAHWDn_W1wYEgUot-Y6s5dyZw	2026-05-13 10:24:39.920806+01	2026-05-20 10:24:39+01	3	6cd596631b7b42ceaff91fcde83277f9
131	eyJhbGciOiJIUzI1NiIsInR5cCI6IkpXVCJ9.eyJ0b2tlbl90eXBlIjoicmVmcmVzaCIsImV4cCI6MTc3OTI2OTk1NCwiaWF0IjoxNzc4NjY1MTU0LCJqdGkiOiJkNGYyOGYzYjczMDU0ODZlOTIzNGY5MWJmMDFhYzI2YiIsInVzZXJfaWQiOiIyIn0.cFkG2TxVZ5SPEn6oRSjVi4SrfUMNAfjXBU70uGCu8h0	2026-05-13 10:39:14.461598+01	2026-05-20 10:39:14+01	2	d4f28f3b7305486e9234f91bf01ac26b
132	eyJhbGciOiJIUzI1NiIsInR5cCI6IkpXVCJ9.eyJ0b2tlbl90eXBlIjoicmVmcmVzaCIsImV4cCI6MTc3OTI3MDAwOSwiaWF0IjoxNzc4NjY1MjA5LCJqdGkiOiI1MjQyZTg0NmNlNTg0YmY4Yjk2MDg0ZjY5MDc0MTQwMSIsInVzZXJfaWQiOiIzIn0.YJJnfrEQb_Pyk3Zg0W31GaOL9vmKLE73A2netgyQCXE	2026-05-13 10:40:09.975417+01	2026-05-20 10:40:09+01	3	5242e846ce584bf8b96084f690741401
133	eyJhbGciOiJIUzI1NiIsInR5cCI6IkpXVCJ9.eyJ0b2tlbl90eXBlIjoicmVmcmVzaCIsImV4cCI6MTc3OTI3MjYxNiwiaWF0IjoxNzc4NjY3ODE2LCJqdGkiOiJhNjk2YWUxNGUyM2I0YTg1OGY4ZmU0YTA2YzI2MzNlZiIsInVzZXJfaWQiOiIyIn0.yljUvezBijuO4wEae8eOF7TeNFNSxnfVqbE0Ea6obA0	2026-05-13 11:23:36.724081+01	2026-05-20 11:23:36+01	2	a696ae14e23b4a858f8fe4a06c2633ef
135	eyJhbGciOiJIUzI1NiIsInR5cCI6IkpXVCJ9.eyJ0b2tlbl90eXBlIjoicmVmcmVzaCIsImV4cCI6MTc3OTI4NDI3NywiaWF0IjoxNzc4Njc5NDc3LCJqdGkiOiIxOWQ2MTE4ZGI4NTE0MDEwOTI0YjI2NzgzMGRkNzVlYyIsInVzZXJfaWQiOiIyIiwicm9sZSI6Im9wZXJhdGV1ciIsInVzZXJuYW1lIjoib3BlcmF0ZXVyMSIsImVtYWlsIjoib3BlcmF0ZXVyMUBvY3AubWEifQ.v-7h32T3u3mjy5Ik5t1GO_WQpxIDTExjHyuYjv_p50I	2026-05-13 14:37:57.863446+01	2026-05-20 14:37:57+01	2	19d6118db8514010924b267830dd75ec
136	eyJhbGciOiJIUzI1NiIsInR5cCI6IkpXVCJ9.eyJ0b2tlbl90eXBlIjoicmVmcmVzaCIsImV4cCI6MTc3OTI4NjE3OCwiaWF0IjoxNzc4NjgxMzc4LCJqdGkiOiJjNGYxZmIyNzZlMmU0ZDA3OTZkMTAwMGQ4ZDlmYTBlYiIsInVzZXJfaWQiOiIzIn0.CER1VeuD8-AKhF2StV2Ms-p2DS6U5hwTILEkC4Mr5N0	2026-05-13 15:09:38.304785+01	2026-05-20 15:09:38+01	3	c4f1fb276e2e4d0796d1000d8d9fa0eb
137	eyJhbGciOiJIUzI1NiIsInR5cCI6IkpXVCJ9.eyJ0b2tlbl90eXBlIjoicmVmcmVzaCIsImV4cCI6MTc3OTI4NjMyMCwiaWF0IjoxNzc4NjgxNTIwLCJqdGkiOiJiMzhlMmJiNzhmMzQ0ODkyYmFjM2U4OWY5NWU4ZTUxYSIsInVzZXJfaWQiOiI0In0.qZVq7e0Y8KudeNqQ2c250ZhBqybGuwBRjXUEoWAMz4s	2026-05-13 15:12:00.86077+01	2026-05-20 15:12:00+01	4	b38e2bb78f344892bac3e89f95e8e51a
138	eyJhbGciOiJIUzI1NiIsInR5cCI6IkpXVCJ9.eyJ0b2tlbl90eXBlIjoicmVmcmVzaCIsImV4cCI6MTc3OTMxODI3NSwiaWF0IjoxNzc4NzEzNDc1LCJqdGkiOiI3YTU5NGUzZGRjYmI0NWQxYjgzMWU3ODc5NTNkOTFjNSIsInVzZXJfaWQiOiI0In0.6C9QxZaK1bDE__iPPsQ6QdwPYJqq43Wdfncafd-mGxg	2026-05-14 00:04:35.406347+01	2026-05-21 00:04:35+01	4	7a594e3ddcbb45d1b831e787953d91c5
139	eyJhbGciOiJIUzI1NiIsInR5cCI6IkpXVCJ9.eyJ0b2tlbl90eXBlIjoicmVmcmVzaCIsImV4cCI6MTc3OTM1MjQ1MiwiaWF0IjoxNzc4NzQ3NjUyLCJqdGkiOiI1YWJiMTk2MDczMjU0MTAzOGEzZmU4YWEyYzc3NGJlNyIsInVzZXJfaWQiOiI0Iiwicm9sZSI6InJlc3BvbnNhYmxlIiwidXNlcm5hbWUiOiJyZXNwb25zYWJsZTEiLCJlbWFpbCI6InJlc3BvbnNhYmxlMUBvY3AubWEifQ.CC8FRQ2lWG1e-tGfvS80Oq1useT08zLpKF2hDOVQ6dA	2026-05-14 09:34:12.072387+01	2026-05-21 09:34:12+01	4	5abb1960732541038a3fe8aa2c774be7
140	eyJhbGciOiJIUzI1NiIsInR5cCI6IkpXVCJ9.eyJ0b2tlbl90eXBlIjoicmVmcmVzaCIsImV4cCI6MTc3OTM1MjQ1MiwiaWF0IjoxNzc4NzQ3NjUyLCJqdGkiOiI4ZGJkZjY2MDRlYTk0OGM1ODBiYTg3Y2QzMzBiNmZjMSIsInVzZXJfaWQiOiI0Iiwicm9sZSI6InJlc3BvbnNhYmxlIiwidXNlcm5hbWUiOiJyZXNwb25zYWJsZTEiLCJlbWFpbCI6InJlc3BvbnNhYmxlMUBvY3AubWEifQ.gP-ZGgOe4I4_ZXjpFexXu6iU-Wqax1etsGKwqQaQoNA	2026-05-14 09:34:12.158603+01	2026-05-21 09:34:12+01	4	8dbdf6604ea948c580ba87cd330b6fc1
141	eyJhbGciOiJIUzI1NiIsInR5cCI6IkpXVCJ9.eyJ0b2tlbl90eXBlIjoicmVmcmVzaCIsImV4cCI6MTc3OTM1MjQ1MiwiaWF0IjoxNzc4NzQ3NjUyLCJqdGkiOiI0ODhmNjQ4MmNiZTI0Mjg4OWUwNmQzODhjOGZkNTE2ZSIsInVzZXJfaWQiOiI0Iiwicm9sZSI6InJlc3BvbnNhYmxlIiwidXNlcm5hbWUiOiJyZXNwb25zYWJsZTEiLCJlbWFpbCI6InJlc3BvbnNhYmxlMUBvY3AubWEifQ.82nte76KJR0HAfocAu7IsW7CHZqI4vNc3mv1KcpyQQU	2026-05-14 09:34:12.181336+01	2026-05-21 09:34:12+01	4	488f6482cbe242889e06d388c8fd516e
142	eyJhbGciOiJIUzI1NiIsInR5cCI6IkpXVCJ9.eyJ0b2tlbl90eXBlIjoicmVmcmVzaCIsImV4cCI6MTc3OTM1MjQ1MiwiaWF0IjoxNzc4NzQ3NjUyLCJqdGkiOiIwM2NhMzBlNDBiYTY0MGU0YjA0NDVlZmQ3ZDdhM2NkYSIsInVzZXJfaWQiOiI0Iiwicm9sZSI6InJlc3BvbnNhYmxlIiwidXNlcm5hbWUiOiJyZXNwb25zYWJsZTEiLCJlbWFpbCI6InJlc3BvbnNhYmxlMUBvY3AubWEifQ.-b5lhxuH1ACROOcXYNf5VkAKZv0CEX4_ZwvVUfCDhfE	2026-05-14 09:34:12.079196+01	2026-05-21 09:34:12+01	4	03ca30e40ba640e4b0445efd7d7a3cda
143	eyJhbGciOiJIUzI1NiIsInR5cCI6IkpXVCJ9.eyJ0b2tlbl90eXBlIjoicmVmcmVzaCIsImV4cCI6MTc3OTM1NTQwMSwiaWF0IjoxNzc4NzUwNjAxLCJqdGkiOiIzNThjN2ZkMWY4YTA0NzQ1YjNjMDdjYTY1OWVmMjc4OSIsInVzZXJfaWQiOiIzIn0.FsFTcuQAoV2tgEOLkJ0c79BoDKFbz59MTcojbmg0oVU	2026-05-14 10:23:21.673798+01	2026-05-21 10:23:21+01	3	358c7fd1f8a04745b3c07ca659ef2789
144	eyJhbGciOiJIUzI1NiIsInR5cCI6IkpXVCJ9.eyJ0b2tlbl90eXBlIjoicmVmcmVzaCIsImV4cCI6MTc3OTM1NTc4NCwiaWF0IjoxNzc4NzUwOTg0LCJqdGkiOiI3ZTA3OTY2OTBiMDM0NzRlYjVmYTdlYjQ1ZDQ0YzQ0MCIsInVzZXJfaWQiOiIzIn0.UqIdYReIQJTfZUwC5g4fHiDpPqgFzybcV-f7jxk2oYw	2026-05-14 10:29:44.426642+01	2026-05-21 10:29:44+01	3	7e0796690b03474eb5fa7eb45d44c440
145	eyJhbGciOiJIUzI1NiIsInR5cCI6IkpXVCJ9.eyJ0b2tlbl90eXBlIjoicmVmcmVzaCIsImV4cCI6MTc3OTQ4ODAzOCwiaWF0IjoxNzc4ODgzMjM4LCJqdGkiOiIzYzhjYWZhNThmN2Q0MDE2YmI2MDFkMDg3MmUxMDMzOCIsInVzZXJfaWQiOiIzIn0.KA2nAINCx7mCTsjCjDTipFG09SbUWmGHGlL3FzX8iOg	2026-05-15 23:13:58.08018+01	2026-05-22 23:13:58+01	3	3c8cafa58f7d4016bb601d0872e10338
146	eyJhbGciOiJIUzI1NiIsInR5cCI6IkpXVCJ9.eyJ0b2tlbl90eXBlIjoicmVmcmVzaCIsImV4cCI6MTc3OTQ4ODA4MywiaWF0IjoxNzc4ODgzMjgzLCJqdGkiOiJhYmVmN2RiNmJjZjE0ZmZlYWNiMDA3MTYwNGY3ODFlNyIsInVzZXJfaWQiOiIyIn0.0I5oPBv99zDe2q80J_m8kSFg6j7e6Am_vVQWe8Guptk	2026-05-15 23:14:43.822513+01	2026-05-22 23:14:43+01	2	abef7db6bcf14ffeacb0071604f781e7
147	eyJhbGciOiJIUzI1NiIsInR5cCI6IkpXVCJ9.eyJ0b2tlbl90eXBlIjoicmVmcmVzaCIsImV4cCI6MTc3OTQ4ODIxNiwiaWF0IjoxNzc4ODgzNDE2LCJqdGkiOiJhZjNmMDJhMjVlMWQ0MDk5OWZmZWU0MmE1NmFiOTNmZSIsInVzZXJfaWQiOiIzIn0.YDQGczLLl_bo0-goffj5RKl2GTuM2NHnKOzgumW_GGY	2026-05-15 23:16:56.385652+01	2026-05-22 23:16:56+01	3	af3f02a25e1d40999ffee42a56ab93fe
148	eyJhbGciOiJIUzI1NiIsInR5cCI6IkpXVCJ9.eyJ0b2tlbl90eXBlIjoicmVmcmVzaCIsImV4cCI6MTc3OTY5NzcxMCwiaWF0IjoxNzc5MDkyOTEwLCJqdGkiOiI5NDQ4M2JmMDI4YmU0YTM3ODBjNDkwMzEzZDRhYWViMyIsInVzZXJfaWQiOiIzIiwicm9sZSI6InRlY2huaWNpZW4iLCJ1c2VybmFtZSI6InRlY2huaWNpZW4xIiwiZW1haWwiOiJ0ZWNobmljaWVuMUBvY3AubWEifQ.ZU4s6BNfb4bGcRh-MBuTdmHZGVMhBFYcScEHgNOSFeQ	2026-05-18 09:28:30.536441+01	2026-05-25 09:28:30+01	3	94483bf028be4a3780c490313d4aaeb3
149	eyJhbGciOiJIUzI1NiIsInR5cCI6IkpXVCJ9.eyJ0b2tlbl90eXBlIjoicmVmcmVzaCIsImV4cCI6MTc3OTY5NzcxMCwiaWF0IjoxNzc5MDkyOTEwLCJqdGkiOiI4OTNhNWEwZmY5NTI0ZmZmOGIyMDc4MDEyNmY0YWUzNiIsInVzZXJfaWQiOiIzIiwicm9sZSI6InRlY2huaWNpZW4iLCJ1c2VybmFtZSI6InRlY2huaWNpZW4xIiwiZW1haWwiOiJ0ZWNobmljaWVuMUBvY3AubWEifQ.qCQOeOXVEs4cTtkbc8aZPoU8IANBpQVvA9HbBl6xudo	2026-05-18 09:28:30.541245+01	2026-05-25 09:28:30+01	3	893a5a0ff9524fff8b20780126f4ae36
150	eyJhbGciOiJIUzI1NiIsInR5cCI6IkpXVCJ9.eyJ0b2tlbl90eXBlIjoicmVmcmVzaCIsImV4cCI6MTc3OTY5NzcxNiwiaWF0IjoxNzc5MDkyOTE2LCJqdGkiOiIwMDFlNzQ4YjNiN2I0ODAwYTVjYzgyZGQ3ZjIwODNhZSIsInVzZXJfaWQiOiIzIn0.PLL8pjc4yV-bgxcDUVUksOBJsI-DqW9WgC4N6aC2t4g	2026-05-18 09:28:36.987619+01	2026-05-25 09:28:36+01	3	001e748b3b7b4800a5cc82dd7f2083ae
151	eyJhbGciOiJIUzI1NiIsInR5cCI6IkpXVCJ9.eyJ0b2tlbl90eXBlIjoicmVmcmVzaCIsImV4cCI6MTc3OTcwMTM2MCwiaWF0IjoxNzc5MDk2NTYwLCJqdGkiOiIyY2QxYWNkMDhmZDU0NTVhYTczYmQ2NjIwZjgwM2E1ZCIsInVzZXJfaWQiOiIzIiwicm9sZSI6InRlY2huaWNpZW4iLCJ1c2VybmFtZSI6InRlY2huaWNpZW4xIiwiZW1haWwiOiJ0ZWNobmljaWVuMUBvY3AubWEifQ.mxoVR7aAzKN3NMtAXOdIHuwi5MJ9BP8NL7CZwiDDgp0	2026-05-18 10:29:20.533319+01	2026-05-25 10:29:20+01	3	2cd1acd08fd5455aa73bd6620f803a5d
152	eyJhbGciOiJIUzI1NiIsInR5cCI6IkpXVCJ9.eyJ0b2tlbl90eXBlIjoicmVmcmVzaCIsImV4cCI6MTc3OTcwMzg3NywiaWF0IjoxNzc5MDk5MDc3LCJqdGkiOiIyNDhjNzQ0NjMwMGI0MTUyOWEwM2RiZTRjZTMxNGE0MyIsInVzZXJfaWQiOiIyIn0.WydDNrzdpW7-lQG-bNQPBXECGJ7r0oYKCEyMGOqzIHg	2026-05-18 11:11:17.791489+01	2026-05-25 11:11:17+01	2	248c7446300b41529a03dbe4ce314a43
153	eyJhbGciOiJIUzI1NiIsInR5cCI6IkpXVCJ9.eyJ0b2tlbl90eXBlIjoicmVmcmVzaCIsImV4cCI6MTc3OTcwNDQ4MCwiaWF0IjoxNzc5MDk5NjgwLCJqdGkiOiJjOTE2YmQ0OGZhNjI0MWZhYjNlMWYzZjcwN2E5OTc3OSIsInVzZXJfaWQiOiIzIn0.fU19qbN_XPx3rIS4paCKVXLE6tMn_KhtJAsVasQkhyk	2026-05-18 11:21:20.770785+01	2026-05-25 11:21:20+01	3	c916bd48fa6241fab3e1f3f707a99779
154	eyJhbGciOiJIUzI1NiIsInR5cCI6IkpXVCJ9.eyJ0b2tlbl90eXBlIjoicmVmcmVzaCIsImV4cCI6MTc3OTcwNDU0MCwiaWF0IjoxNzc5MDk5NzQwLCJqdGkiOiI3ODFjYzVmMzliMjM0MGE4ODc1NjcwMzNlYjhjOWVkYiIsInVzZXJfaWQiOiI0In0.AIcc3dcRN6TBDneGD2j82sfYiPWXoZYgxO9AUIhH-eo	2026-05-18 11:22:20.919136+01	2026-05-25 11:22:20+01	4	781cc5f39b2340a887567033eb8c9edb
155	eyJhbGciOiJIUzI1NiIsInR5cCI6IkpXVCJ9.eyJ0b2tlbl90eXBlIjoicmVmcmVzaCIsImV4cCI6MTc3OTcxMzE1OCwiaWF0IjoxNzc5MTA4MzU4LCJqdGkiOiI4MGIyZjgzYTdmYmE0MGJlODQxZjNjMzAxNGY5NzkyYSIsInVzZXJfaWQiOiI0Iiwicm9sZSI6InJlc3BvbnNhYmxlIiwidXNlcm5hbWUiOiJyZXNwb25zYWJsZTEiLCJlbWFpbCI6InJlc3BvbnNhYmxlMUBvY3AubWEifQ.hu3sAIr2ADiObbBPzi6X0gsp_7bqEuhUpG_EdHfKwcE	2026-05-18 13:45:58.336632+01	2026-05-25 13:45:58+01	4	80b2f83a7fba40be841f3c3014f9792a
156	eyJhbGciOiJIUzI1NiIsInR5cCI6IkpXVCJ9.eyJ0b2tlbl90eXBlIjoicmVmcmVzaCIsImV4cCI6MTc3OTcxMzE1OCwiaWF0IjoxNzc5MTA4MzU4LCJqdGkiOiIwMjc5MTZkZmJkYWY0MTFlYTg0YmIzMDU1NTg1Y2JiNSIsInVzZXJfaWQiOiI0Iiwicm9sZSI6InJlc3BvbnNhYmxlIiwidXNlcm5hbWUiOiJyZXNwb25zYWJsZTEiLCJlbWFpbCI6InJlc3BvbnNhYmxlMUBvY3AubWEifQ.Xyz9PDl_Q6-BBKodXD3N0eGEjD_vv_6UXHY5-vsvtco	2026-05-18 13:45:58.343778+01	2026-05-25 13:45:58+01	4	027916dfbdaf411ea84bb3055585cbb5
159	eyJhbGciOiJIUzI1NiIsInR5cCI6IkpXVCJ9.eyJ0b2tlbl90eXBlIjoicmVmcmVzaCIsImV4cCI6MTc3OTcxMzIwMSwiaWF0IjoxNzc5MTA4NDAxLCJqdGkiOiI3NDk1ZmJmYjVkYzg0YmExOTEzMmFmZWE1ZGU5OTAzYiIsInVzZXJfaWQiOiIzIn0.bAQtXl3tP6pRaF8OIAd_wRpG3B-LWF-NQQfZeBocbjE	2026-05-18 13:46:41.098269+01	2026-05-25 13:46:41+01	3	7495fbfb5dc84ba19132afea5de9903b
157	eyJhbGciOiJIUzI1NiIsInR5cCI6IkpXVCJ9.eyJ0b2tlbl90eXBlIjoicmVmcmVzaCIsImV4cCI6MTc3OTcxMzE1OCwiaWF0IjoxNzc5MTA4MzU4LCJqdGkiOiI1ZmZiZmQ4MWIxYzc0YzkyODg2YzQ0MjdkN2RhMDlkNyIsInVzZXJfaWQiOiI0Iiwicm9sZSI6InJlc3BvbnNhYmxlIiwidXNlcm5hbWUiOiJyZXNwb25zYWJsZTEiLCJlbWFpbCI6InJlc3BvbnNhYmxlMUBvY3AubWEifQ.rGFsu63uT5Ck6IH225VLljMPgxjCyqOc1JhvQy_79Jw	2026-05-18 13:45:58.320842+01	2026-05-25 13:45:58+01	4	5ffbfd81b1c74c92886c4427d7da09d7
160	eyJhbGciOiJIUzI1NiIsInR5cCI6IkpXVCJ9.eyJ0b2tlbl90eXBlIjoicmVmcmVzaCIsImV4cCI6MTc3OTg2OTY3MywiaWF0IjoxNzc5MjY0ODczLCJqdGkiOiJmZDgzYTI0OTg4MTk0YjYzODQ3Yjg5MTllYWIzNzlkOSIsInVzZXJfaWQiOiIzIiwicm9sZSI6InRlY2huaWNpZW4iLCJ1c2VybmFtZSI6InRlY2huaWNpZW4xIiwiZW1haWwiOiJ0ZWNobmljaWVuMUBvY3AubWEifQ.X2_xdTb7P9Ea2lNwUYY8WVWTTgprWoY_K_uegl1v-U8	2026-05-20 09:14:33.379958+01	2026-05-27 09:14:33+01	3	fd83a24988194b63847b8919eab379d9
162	eyJhbGciOiJIUzI1NiIsInR5cCI6IkpXVCJ9.eyJ0b2tlbl90eXBlIjoicmVmcmVzaCIsImV4cCI6MTc3OTg2OTY3MywiaWF0IjoxNzc5MjY0ODczLCJqdGkiOiJjNzdkYTNmN2Q4NWY0Y2E4OWRhZmViMzViMGFmNjBiNSIsInVzZXJfaWQiOiIzIiwicm9sZSI6InRlY2huaWNpZW4iLCJ1c2VybmFtZSI6InRlY2huaWNpZW4xIiwiZW1haWwiOiJ0ZWNobmljaWVuMUBvY3AubWEifQ.3V-Ou88LjNQZ6UVzN5b-JZNTMCqZunm5IOOZ_O9zPRY	2026-05-20 09:14:33.386209+01	2026-05-27 09:14:33+01	3	c77da3f7d85f4ca89dafeb35b0af60b5
166	eyJhbGciOiJIUzI1NiIsInR5cCI6IkpXVCJ9.eyJ0b2tlbl90eXBlIjoicmVmcmVzaCIsImV4cCI6MTc3OTg4MjYzNSwiaWF0IjoxNzc5Mjc3ODM1LCJqdGkiOiIyOTNmZWQyYjczNzU0ZGQ5Yjk4OGU0MzMwMjg1YTNhMCIsInVzZXJfaWQiOiI0Iiwicm9sZSI6InJlc3BvbnNhYmxlIiwidXNlcm5hbWUiOiJyZXNwb25zYWJsZTEiLCJlbWFpbCI6InJlc3BvbnNhYmxlMUBvY3AubWEifQ.zNA8L3BYnHDoKuiPdfjcIOgzePxwuqtOqiMmMbTrtWE	2026-05-20 12:50:35.909291+01	2026-05-27 12:50:35+01	4	293fed2b73754dd9b988e4330285a3a0
167	eyJhbGciOiJIUzI1NiIsInR5cCI6IkpXVCJ9.eyJ0b2tlbl90eXBlIjoicmVmcmVzaCIsImV4cCI6MTc3OTg4MjY2NCwiaWF0IjoxNzc5Mjc3ODY0LCJqdGkiOiJjOTY3Yjg3Y2RjODE0ODNkOTkzZmUyYmJiNWYxYTc4MiIsInVzZXJfaWQiOiIyIn0.mgU-l0QxY4ZwC-mPUeyATTYyICNCHcjiffA_SYc9oKM	2026-05-20 12:51:04.571479+01	2026-05-27 12:51:04+01	2	c967b87cdc81483d993fe2bbb5f1a782
168	eyJhbGciOiJIUzI1NiIsInR5cCI6IkpXVCJ9.eyJ0b2tlbl90eXBlIjoicmVmcmVzaCIsImV4cCI6MTc3OTg4MjY3OCwiaWF0IjoxNzc5Mjc3ODc4LCJqdGkiOiI5ODY5ZWMyYzc0NWI0YTU2OTM1NjQwNGU2MDI1ZDZlNyIsInVzZXJfaWQiOiIzIn0.l-ZlIEYvLM_n4c-2YJw8BjJH7Mi05CqKTO6dxQYcnYQ	2026-05-20 12:51:18.671294+01	2026-05-27 12:51:18+01	3	9869ec2c745b4a569356404e6025d6e7
171	eyJhbGciOiJIUzI1NiIsInR5cCI6IkpXVCJ9.eyJ0b2tlbl90eXBlIjoicmVmcmVzaCIsImV4cCI6MTc4MDA1NDgyMywiaWF0IjoxNzc5NDUwMDIzLCJqdGkiOiJlOWFiMDMxOTVkZDg0OTU4ODAzNTczN2IxYTk0Y2EwNiIsInVzZXJfaWQiOiIzIiwicm9sZSI6InRlY2huaWNpZW4iLCJ1c2VybmFtZSI6InRlY2huaWNpZW4xIiwiZW1haWwiOiJ0ZWNobmljaWVuMUBvY3AubWEifQ.gnlDGYrs_lu5HBmAS4txZ7FVgIWLOMtr6rZRjqblEZY	2026-05-22 12:40:23.115835+01	2026-05-29 12:40:23+01	3	e9ab03195dd849588035737b1a94ca06
174	eyJhbGciOiJIUzI1NiIsInR5cCI6IkpXVCJ9.eyJ0b2tlbl90eXBlIjoicmVmcmVzaCIsImV4cCI6MTc4MDA1NDgyMywiaWF0IjoxNzc5NDUwMDIzLCJqdGkiOiI2NjgxN2JlMmM2MjM0ZDg3ODM3ZWViNTY4ZmNjMDhiYSIsInVzZXJfaWQiOiIzIiwicm9sZSI6InRlY2huaWNpZW4iLCJ1c2VybmFtZSI6InRlY2huaWNpZW4xIiwiZW1haWwiOiJ0ZWNobmljaWVuMUBvY3AubWEifQ.m3j5n9e3mXUVYC0cAQpVVcYf3hc_a8s_IGmp5EdHa7k	2026-05-22 12:40:23.061807+01	2026-05-29 12:40:23+01	3	66817be2c6234d87837eeb568fcc08ba
177	eyJhbGciOiJIUzI1NiIsInR5cCI6IkpXVCJ9.eyJ0b2tlbl90eXBlIjoicmVmcmVzaCIsImV4cCI6MTc4MDkwODQ5NCwiaWF0IjoxNzgwMzAzNjk0LCJqdGkiOiJhYjkxNTg0ZGNiOGQ0NjUyOTMxZDkxZDc4OTYwNTcxYiIsInVzZXJfaWQiOiIzIn0.8kCrWv-xiSZAiyLZihV9pgCO4cVCEh1htaIMhAkrXeI	2026-06-01 09:48:14.042012+01	2026-06-08 09:48:14+01	3	ab91584dcb8d4652931d91d78960571b
180	eyJhbGciOiJIUzI1NiIsInR5cCI6IkpXVCJ9.eyJ0b2tlbl90eXBlIjoicmVmcmVzaCIsImV4cCI6MTc4MDkyMTYwOSwiaWF0IjoxNzgwMzE2ODA5LCJqdGkiOiI2NTExMWJkNzhmMjI0YzA4YjNmOGQ5NWFhZTg0Mzk5MiIsInVzZXJfaWQiOiIzIiwicm9sZSI6InRlY2huaWNpZW4iLCJ1c2VybmFtZSI6InRlY2huaWNpZW4xIiwiZW1haWwiOiJ0ZWNobmljaWVuMUBvY3AubWEifQ.SoTqmdnXqdyHDN404fgTUeYEEnvK3fOsun-leZANt54	2026-06-01 13:26:49.477986+01	2026-06-08 13:26:49+01	3	65111bd78f224c08b3f8d95aae843992
181	eyJhbGciOiJIUzI1NiIsInR5cCI6IkpXVCJ9.eyJ0b2tlbl90eXBlIjoicmVmcmVzaCIsImV4cCI6MTc4MDkyMTY2NywiaWF0IjoxNzgwMzE2ODY3LCJqdGkiOiI0ZTMzZjRjMjUzOTU0N2I1YmE3YzEwMTc5Yzk0NTExZiIsInVzZXJfaWQiOiIzIn0.TxuufiL7fRccE2E8tmKvcoNo9FUCNA9N3HrUEAbtjYo	2026-06-01 13:27:47.041268+01	2026-06-08 13:27:47+01	3	4e33f4c2539547b5ba7c10179c94511f
184	eyJhbGciOiJIUzI1NiIsInR5cCI6IkpXVCJ9.eyJ0b2tlbl90eXBlIjoicmVmcmVzaCIsImV4cCI6MTc4MDk0ODMyMywiaWF0IjoxNzgwMzQzNTIzLCJqdGkiOiIwYmYzMzYxNjM1MTU0NTViYWIwYzNkNDE3MWUzYzc0ZSIsInVzZXJfaWQiOiIzIn0.EHPai_7FMKrE4FxmdR3T-aDo8FD0ZuMxPufO0NG6Pzc	2026-06-01 20:52:03.007737+01	2026-06-08 20:52:03+01	3	0bf336163515455bab0c3d4171e3c74e
187	eyJhbGciOiJIUzI1NiIsInR5cCI6IkpXVCJ9.eyJ0b2tlbl90eXBlIjoicmVmcmVzaCIsImV4cCI6MTc4MDk2MTkwNCwiaWF0IjoxNzgwMzU3MTA0LCJqdGkiOiI4ZmI2NWVkOWVlMjg0ODk4YTRlMzAwMjViMzhhOWU0NiIsInVzZXJfaWQiOiIzIiwicm9sZSI6InRlY2huaWNpZW4iLCJ1c2VybmFtZSI6InRlY2huaWNpZW4xIiwiZW1haWwiOiJ0ZWNobmljaWVuMUBvY3AubWEifQ.bOtg95xlMSEInKAE8K7GKtGCyl9XBKakZh1_xBANPlo	2026-06-02 00:38:24.915199+01	2026-06-09 00:38:24+01	3	8fb65ed9ee284898a4e30025b38a9e46
190	eyJhbGciOiJIUzI1NiIsInR5cCI6IkpXVCJ9.eyJ0b2tlbl90eXBlIjoicmVmcmVzaCIsImV4cCI6MTc4MDk5Nzg2MCwiaWF0IjoxNzgwMzkzMDYwLCJqdGkiOiJhYjAyNWI2MGFhNGI0OTA3ODRjY2JhMWY2ZDBjYjVkYSIsInVzZXJfaWQiOiI0In0.I6QNRZqDqPobyoDoTFgJrGHkknmHR90DX9q7p6qBWog	2026-06-02 10:37:40.367316+01	2026-06-09 10:37:40+01	4	ab025b60aa4b490784ccba1f6d0cb5da
193	eyJhbGciOiJIUzI1NiIsInR5cCI6IkpXVCJ9.eyJ0b2tlbl90eXBlIjoicmVmcmVzaCIsImV4cCI6MTc4MTAwOTc4OCwiaWF0IjoxNzgwNDA0OTg4LCJqdGkiOiI4NzlmY2JmZWQwNzQ0MDI4YWI3MDgzYWEzZjFhMWE4NiIsInVzZXJfaWQiOiIzIiwicm9sZSI6InRlY2huaWNpZW4iLCJ1c2VybmFtZSI6InRlY2huaWNpZW4xIiwiZW1haWwiOiJ0ZWNobmljaWVuMUBvY3AubWEifQ.3hr9GYn7Eh0t5Woq1zhX09IwA495YmDWlOcdUsDbVQI	2026-06-02 13:56:28.266546+01	2026-06-09 13:56:28+01	3	879fcbfed0744028ab7083aa3f1a1a86
196	eyJhbGciOiJIUzI1NiIsInR5cCI6IkpXVCJ9.eyJ0b2tlbl90eXBlIjoicmVmcmVzaCIsImV4cCI6MTc4MTA5MzQyMSwiaWF0IjoxNzgwNDg4NjIxLCJqdGkiOiI1NWEyMWVjZTVjYTc0OWUxYTA3YTAzOWI1ZjQ1NjllZSIsInVzZXJfaWQiOiI0In0.YU-Wf4ZYy03FoWFi9UUkn2SX6ar3cu9_Bm-OmGIXCsw	2026-06-03 13:10:21.026279+01	2026-06-10 13:10:21+01	4	55a21ece5ca749e1a07a039b5f4569ee
201	eyJhbGciOiJIUzI1NiIsInR5cCI6IkpXVCJ9.eyJ0b2tlbl90eXBlIjoicmVmcmVzaCIsImV4cCI6MTc4MTQ3Njk4NCwiaWF0IjoxNzgwODcyMTg0LCJqdGkiOiI0NzlmMTZiNzRlYTI0MjliYmVjNjYxZDc2YmM5MWY2NiIsInVzZXJfaWQiOiIzIiwicm9sZSI6InRlY2huaWNpZW4iLCJ1c2VybmFtZSI6InRlY2huaWNpZW4xIiwiZW1haWwiOiJ0ZWNobmljaWVuMUBvY3AubWEifQ.fwzvs_13mKR8Q_a0jIHshwPIdw_gQ_9K3C37QpuqIvk	2026-06-07 23:43:04.256027+01	2026-06-14 23:43:04+01	3	479f16b74ea2429bbec661d76bc91f66
203	eyJhbGciOiJIUzI1NiIsInR5cCI6IkpXVCJ9.eyJ0b2tlbl90eXBlIjoicmVmcmVzaCIsImV4cCI6MTc4MTQ3NzQ1MywiaWF0IjoxNzgwODcyNjUzLCJqdGkiOiJjMTc5OWFmMjhkY2U0ZGEyOGZkNGM2NDQ2NjFmYjI1NSIsInVzZXJfaWQiOiI0In0.Zi4snaVuYjNI9oe_VG_QHarv9OfQs_j3CBpP2l1BWsc	2026-06-07 23:50:53.194745+01	2026-06-14 23:50:53+01	4	c1799af28dce4da28fd4c644661fb255
206	eyJhbGciOiJIUzI1NiIsInR5cCI6IkpXVCJ9.eyJ0b2tlbl90eXBlIjoicmVmcmVzaCIsImV4cCI6MTc4MTQ4Njk4NywiaWF0IjoxNzgwODgyMTg3LCJqdGkiOiI4N2I2Y2M3ZjdmMGI0N2IyOGE3MDI1Nzk1NjU0NTU4YSIsInVzZXJfaWQiOiIzIiwicm9sZSI6InRlY2huaWNpZW4iLCJ1c2VybmFtZSI6InRlY2huaWNpZW4xIiwiZW1haWwiOiJ0ZWNobmljaWVuMUBvY3AubWEifQ.TFryt3z5LmK2RPIyQkvBwV0cEq5Ewjzg_eFbaowPVjk	2026-06-08 02:29:47.03436+01	2026-06-15 02:29:47+01	3	87b6cc7f7f0b47b28a7025795654558a
209	eyJhbGciOiJIUzI1NiIsInR5cCI6IkpXVCJ9.eyJ0b2tlbl90eXBlIjoicmVmcmVzaCIsImV4cCI6MTc4MTUxNjc5OCwiaWF0IjoxNzgwOTExOTk4LCJqdGkiOiIyMTM2OWVkY2QzZDQ0NTNlYjdhNzMwZmE3ZTIzOGQzZSIsInVzZXJfaWQiOiI0In0.FLo6ID62qyjk53hqLONHzoDKInr-JOWMU672FVhpsUY	2026-06-08 10:46:38.370713+01	2026-06-15 10:46:38+01	4	21369edcd3d4453eb7a730fa7e238d3e
212	eyJhbGciOiJIUzI1NiIsInR5cCI6IkpXVCJ9.eyJ0b2tlbl90eXBlIjoicmVmcmVzaCIsImV4cCI6MTc4MTUyODQ1NSwiaWF0IjoxNzgwOTIzNjU1LCJqdGkiOiJkYjBiYjE3MzNlNmY0YTI0YTU5NTU2YWY2M2E0OGIxMSIsInVzZXJfaWQiOiIzIn0.ZMvfrNjITrclfLkbgKVxJqup_jQy5WueNRRqmgo8KOo	2026-06-08 14:00:55.215465+01	2026-06-15 14:00:55+01	3	db0bb1733e6f4a24a59556af63a48b11
219	eyJhbGciOiJIUzI1NiIsInR5cCI6IkpXVCJ9.eyJ0b2tlbl90eXBlIjoicmVmcmVzaCIsImV4cCI6MTc4MTY0OTk4OCwiaWF0IjoxNzgxMDQ1MTg4LCJqdGkiOiJiYTI1ZGNjZjM5MGQ0ZmVjOTljNDViYWI0YTVmM2VhOCIsInVzZXJfaWQiOiIzIn0.e2-OJPZQ3xaTA-iXRFvi2thW6RuqZEYQGbkcGHJ0xmI	2026-06-09 23:46:28.866303+01	2026-06-16 23:46:28+01	3	ba25dccf390d4fec99c45bab4a5f3ea8
158	eyJhbGciOiJIUzI1NiIsInR5cCI6IkpXVCJ9.eyJ0b2tlbl90eXBlIjoicmVmcmVzaCIsImV4cCI6MTc3OTcxMzE1OCwiaWF0IjoxNzc5MTA4MzU4LCJqdGkiOiI5Y2I3M2M5Y2ZlMWM0NzJhOWE5MDdjZTc4MTM0OTgwMSIsInVzZXJfaWQiOiI0Iiwicm9sZSI6InJlc3BvbnNhYmxlIiwidXNlcm5hbWUiOiJyZXNwb25zYWJsZTEiLCJlbWFpbCI6InJlc3BvbnNhYmxlMUBvY3AubWEifQ.VdGTlrVIErMZTGwBBct6ELDHtp1TCRk8R-mISHJoksM	2026-05-18 13:45:58.311878+01	2026-05-25 13:45:58+01	4	9cb73c9cfe1c472a9a907ce781349801
161	eyJhbGciOiJIUzI1NiIsInR5cCI6IkpXVCJ9.eyJ0b2tlbl90eXBlIjoicmVmcmVzaCIsImV4cCI6MTc3OTg2OTY3MywiaWF0IjoxNzc5MjY0ODczLCJqdGkiOiIxZmZlOGI2YjU0NjI0MTMzOTQ3YzlhYWQwNjRlMWRhMiIsInVzZXJfaWQiOiIzIiwicm9sZSI6InRlY2huaWNpZW4iLCJ1c2VybmFtZSI6InRlY2huaWNpZW4xIiwiZW1haWwiOiJ0ZWNobmljaWVuMUBvY3AubWEifQ.BtqENaZ9W10qV3KZeow5kxWDo9uz_TZhVheRrd5FQuw	2026-05-20 09:14:33.37275+01	2026-05-27 09:14:33+01	3	1ffe8b6b54624133947c9aad064e1da2
164	eyJhbGciOiJIUzI1NiIsInR5cCI6IkpXVCJ9.eyJ0b2tlbl90eXBlIjoicmVmcmVzaCIsImV4cCI6MTc3OTg3Mzk1MSwiaWF0IjoxNzc5MjY5MTUxLCJqdGkiOiJhM2U5N2ZhZWU5NjM0OTgxYWRiMGRiMjQ0ZjZiNTA2YiIsInVzZXJfaWQiOiIzIn0.Ea9H2wXSvu_KNM-nP-pWmdgaUe1QGk6_ytshujQB9fM	2026-05-20 10:25:51.189939+01	2026-05-27 10:25:51+01	3	a3e97faee9634981adb0db244f6b506b
169	eyJhbGciOiJIUzI1NiIsInR5cCI6IkpXVCJ9.eyJ0b2tlbl90eXBlIjoicmVmcmVzaCIsImV4cCI6MTc3OTk5MTc1NCwiaWF0IjoxNzc5Mzg2OTU0LCJqdGkiOiJmNzNlNTQ1MWI1YzQ0MmU3YTE4ZDc0OWE2NGI0MGMyZSIsInVzZXJfaWQiOiIzIiwicm9sZSI6InRlY2huaWNpZW4iLCJ1c2VybmFtZSI6InRlY2huaWNpZW4xIiwiZW1haWwiOiJ0ZWNobmljaWVuMUBvY3AubWEifQ.qma9rtHp1bo3IVSxbADL1uRQlMXLum9G5BrZV-ozDeY	2026-05-21 19:09:14.552506+01	2026-05-28 19:09:14+01	3	f73e5451b5c442e7a18d749a64b40c2e
172	eyJhbGciOiJIUzI1NiIsInR5cCI6IkpXVCJ9.eyJ0b2tlbl90eXBlIjoicmVmcmVzaCIsImV4cCI6MTc4MDA1NDgyMywiaWF0IjoxNzc5NDUwMDIzLCJqdGkiOiJiZjViNDc5ZDVlMDM0N2E5YTY0NmEzZDNjZmVmNmYyMSIsInVzZXJfaWQiOiIzIiwicm9sZSI6InRlY2huaWNpZW4iLCJ1c2VybmFtZSI6InRlY2huaWNpZW4xIiwiZW1haWwiOiJ0ZWNobmljaWVuMUBvY3AubWEifQ.AYIF9CkSXjtkX17vuLUlktPSxIO0lSRrLoirofSyj2M	2026-05-22 12:40:23.052079+01	2026-05-29 12:40:23+01	3	bf5b479d5e0347a9a646a3d3cfef6f21
175	eyJhbGciOiJIUzI1NiIsInR5cCI6IkpXVCJ9.eyJ0b2tlbl90eXBlIjoicmVmcmVzaCIsImV4cCI6MTc4MDMwMTgzMCwiaWF0IjoxNzc5Njk3MDMwLCJqdGkiOiIxZDdiMzcxNTdkMTI0OTJhYjM4ZmUyMGMyNGZlN2M3NSIsInVzZXJfaWQiOiIzIn0.tG2ZMVa0ePwLy5CjilJDqtkPrhsYB377pwZ6YlgASo0	2026-05-25 09:17:10.678644+01	2026-06-01 09:17:10+01	3	1d7b37157d12492ab38fe20c24fe7c75
178	eyJhbGciOiJIUzI1NiIsInR5cCI6IkpXVCJ9.eyJ0b2tlbl90eXBlIjoicmVmcmVzaCIsImV4cCI6MTc4MDkxMjEyMiwiaWF0IjoxNzgwMzA3MzIyLCJqdGkiOiI3OWM3OTc3NmY0NDU0ODkyOGI3OGIxZmQ2ZGNlNjQyMyIsInVzZXJfaWQiOiIzIiwicm9sZSI6InRlY2huaWNpZW4iLCJ1c2VybmFtZSI6InRlY2huaWNpZW4xIiwiZW1haWwiOiJ0ZWNobmljaWVuMUBvY3AubWEifQ.g4h_yWRCY0cMJ75Nl01du4GMueHu9FhzGGUVNkaIAEI	2026-06-01 10:48:42.209899+01	2026-06-08 10:48:42+01	3	79c79776f44548928b78b1fd6dce6423
182	eyJhbGciOiJIUzI1NiIsInR5cCI6IkpXVCJ9.eyJ0b2tlbl90eXBlIjoicmVmcmVzaCIsImV4cCI6MTc4MDkyNDY1MCwiaWF0IjoxNzgwMzE5ODUwLCJqdGkiOiJhZjNhYzlmZGI0YTM0N2Y2OThkOGVjODBlMTlkNDA5ZiIsInVzZXJfaWQiOiIzIn0.H_cqjfNcrcyEKv4A-Y4Uq7vEfrwsb3Bgtf7pZMhu-PE	2026-06-01 14:17:30.60658+01	2026-06-08 14:17:30+01	3	af3ac9fdb4a347f698d8ec80e19d409f
185	eyJhbGciOiJIUzI1NiIsInR5cCI6IkpXVCJ9.eyJ0b2tlbl90eXBlIjoicmVmcmVzaCIsImV4cCI6MTc4MDk1MzUyNCwiaWF0IjoxNzgwMzQ4NzI0LCJqdGkiOiI5MTZmZmUxNzJmODg0YTc3YTIxMTRkZjBjNDEwNGZlMiIsInVzZXJfaWQiOiIzIiwicm9sZSI6InRlY2huaWNpZW4iLCJ1c2VybmFtZSI6InRlY2huaWNpZW4xIiwiZW1haWwiOiJ0ZWNobmljaWVuMUBvY3AubWEifQ.4-hYjIdiu6qhU1XyMc_ikG1axm75RVmpnpY33A9VWyc	2026-06-01 22:18:44.327944+01	2026-06-08 22:18:44+01	3	916ffe172f884a77a2114df0c4104fe2
188	eyJhbGciOiJIUzI1NiIsInR5cCI6IkpXVCJ9.eyJ0b2tlbl90eXBlIjoicmVmcmVzaCIsImV4cCI6MTc4MDk5NzQyMywiaWF0IjoxNzgwMzkyNjIzLCJqdGkiOiIxZTEyY2M5NDcxNjU0MGQ0OGJmYTVmZmYwZWM3ODEzZiIsInVzZXJfaWQiOiIzIn0.2hmUMGfaW2nL0lD3o-_nTWpFh6q0KQF1nLxqRucufEE	2026-06-02 10:30:23.495266+01	2026-06-09 10:30:23+01	3	1e12cc94716540d48bfa5fff0ec7813f
191	eyJhbGciOiJIUzI1NiIsInR5cCI6IkpXVCJ9.eyJ0b2tlbl90eXBlIjoicmVmcmVzaCIsImV4cCI6MTc4MDk5Nzg3OCwiaWF0IjoxNzgwMzkzMDc4LCJqdGkiOiJkYTk2OWU2YjE0ODE0ZjRkYmYyYzExOGFjNDA1ZjU1MyIsInVzZXJfaWQiOiIzIn0.kn0HQlABrM977x_VD-079THP5fBZbmTf0I26DtwWHV0	2026-06-02 10:37:58.269371+01	2026-06-09 10:37:58+01	3	da969e6b14814f4dbf2c118ac405f553
194	eyJhbGciOiJIUzI1NiIsInR5cCI6IkpXVCJ9.eyJ0b2tlbl90eXBlIjoicmVmcmVzaCIsImV4cCI6MTc4MTAwOTc5MywiaWF0IjoxNzgwNDA0OTkzLCJqdGkiOiIzNTY3ZjQ3ZmE3YTg0MjlmOTc4ODgyYzUwYTJlNWQyYiIsInVzZXJfaWQiOiIzIn0.0XG6M1Wm6R6HsEr5qWinB1soka4oyLjqQ_vzVs6Sst0	2026-06-02 13:56:33.3396+01	2026-06-09 13:56:33+01	3	3567f47fa7a8429f978882c50a2e5d2b
197	eyJhbGciOiJIUzI1NiIsInR5cCI6IkpXVCJ9.eyJ0b2tlbl90eXBlIjoicmVmcmVzaCIsImV4cCI6MTc4MTA5NzE1MywiaWF0IjoxNzgwNDkyMzUzLCJqdGkiOiJmNzAxZmFjZTZlNzg0NzQ4YThjY2E1MmI1MDY4M2VlYyIsInVzZXJfaWQiOiI0Iiwicm9sZSI6InJlc3BvbnNhYmxlIiwidXNlcm5hbWUiOiJyZXNwb25zYWJsZTEiLCJlbWFpbCI6InJlc3BvbnNhYmxlMUBvY3AubWEifQ.K4ORP1GFzohtRajghBgT9TZr07gVL-Io8BRuQ1r1Vrs	2026-06-03 14:12:33.545751+01	2026-06-10 14:12:33+01	4	f701face6e784748a8cca52b50683eec
198	eyJhbGciOiJIUzI1NiIsInR5cCI6IkpXVCJ9.eyJ0b2tlbl90eXBlIjoicmVmcmVzaCIsImV4cCI6MTc4MTM5NjA3NywiaWF0IjoxNzgwNzkxMjc3LCJqdGkiOiIzNTI4M2YzOWMyYmM0MzMyOTVjZjdhODQ5OGRmY2VkZCIsInVzZXJfaWQiOiIzIn0.QbgM6UDEF6LDx6UwHWO2DZljrz1PzXpZPZrClANFEUY	2026-06-07 01:14:37.207559+01	2026-06-14 01:14:37+01	3	35283f39c2bc433295cf7a8498dfcedd
200	eyJhbGciOiJIUzI1NiIsInR5cCI6IkpXVCJ9.eyJ0b2tlbl90eXBlIjoicmVmcmVzaCIsImV4cCI6MTc4MTQ3Njk4NCwiaWF0IjoxNzgwODcyMTg0LCJqdGkiOiI0NjRiYTA4OGRlNzM0NmIwOTEyODZiZTQ5ZWI1ZTMyOSIsInVzZXJfaWQiOiIzIiwicm9sZSI6InRlY2huaWNpZW4iLCJ1c2VybmFtZSI6InRlY2huaWNpZW4xIiwiZW1haWwiOiJ0ZWNobmljaWVuMUBvY3AubWEifQ.HH0jRQVZVLVt3SvgTYnM88Y4YVqhynXBftetx3hI8zA	2026-06-07 23:43:04.205233+01	2026-06-14 23:43:04+01	3	464ba088de7346b091286be49eb5e329
204	eyJhbGciOiJIUzI1NiIsInR5cCI6IkpXVCJ9.eyJ0b2tlbl90eXBlIjoicmVmcmVzaCIsImV4cCI6MTc4MTQ4MTA1NCwiaWF0IjoxNzgwODc2MjU0LCJqdGkiOiI4NDFhNjNhYTI4MzM0ZmNlYmNhY2VhNmMyMGMzOWM1YiIsInVzZXJfaWQiOiI0Iiwicm9sZSI6InJlc3BvbnNhYmxlIiwidXNlcm5hbWUiOiJyZXNwb25zYWJsZTEiLCJlbWFpbCI6InJlc3BvbnNhYmxlMUBvY3AubWEifQ.KLP3o5VdlCR2FBRDLM-HGjinpGFGzUEpfsbq9aIpcYc	2026-06-08 00:50:54.801782+01	2026-06-15 00:50:54+01	4	841a63aa28334fcebcacea6c20c39c5b
207	eyJhbGciOiJIUzI1NiIsInR5cCI6IkpXVCJ9.eyJ0b2tlbl90eXBlIjoicmVmcmVzaCIsImV4cCI6MTc4MTUxMTg2MiwiaWF0IjoxNzgwOTA3MDYyLCJqdGkiOiJjNzRkMTY0YTljYjU0YzYwOGMxNmFiZjIyYTE1NDQ4NSIsInVzZXJfaWQiOiIzIn0.P_ySB_pD84kCOVt4Xi_OVNTK8uYB-Fwn-vvQG0pYHmE	2026-06-08 09:24:22.807011+01	2026-06-15 09:24:22+01	3	c74d164a9cb54c608c16abf22a154485
210	eyJhbGciOiJIUzI1NiIsInR5cCI6IkpXVCJ9.eyJ0b2tlbl90eXBlIjoicmVmcmVzaCIsImV4cCI6MTc4MTUxOTgyNiwiaWF0IjoxNzgwOTE1MDI2LCJqdGkiOiIyOTcxZjE2MmIzODQ0ZmM1YTE5NzQ3NjJhOTFmNDcyYyIsInVzZXJfaWQiOiI0In0.M2PYym3eEcrxrOSI-8KEqGgxjAk3Lv88U3Kt33lNnQ4	2026-06-08 11:37:06.817124+01	2026-06-15 11:37:06+01	4	2971f162b3844fc5a1974762a91f472c
213	eyJhbGciOiJIUzI1NiIsInR5cCI6IkpXVCJ9.eyJ0b2tlbl90eXBlIjoicmVmcmVzaCIsImV4cCI6MTc4MTUyOTEyNywiaWF0IjoxNzgwOTI0MzI3LCJqdGkiOiIyYzljNzRkMzhiYmY0ODg1YWRhZmU4NDUzODJmN2JlOCIsInVzZXJfaWQiOiIzIn0.ZqHozIFXJIZfWUl7bUg8fi6asYl65aODjVu34o_PbGQ	2026-06-08 14:12:07.829449+01	2026-06-15 14:12:07+01	3	2c9c74d38bbf4885adafe845382f7be8
215	eyJhbGciOiJIUzI1NiIsInR5cCI6IkpXVCJ9.eyJ0b2tlbl90eXBlIjoicmVmcmVzaCIsImV4cCI6MTc4MTY0NDA2OCwiaWF0IjoxNzgxMDM5MjY4LCJqdGkiOiIxNWViNDA4ZmE5OWY0ZWU3YTA1NDA1NGY3ZjhlMmEwNiIsInVzZXJfaWQiOiIzIiwicm9sZSI6InRlY2huaWNpZW4iLCJ1c2VybmFtZSI6InRlY2huaWNpZW4xIiwiZW1haWwiOiJ0ZWNobmljaWVuMUBvY3AubWEifQ.KH_qMHVZXNerMSebL7JwziXw0snvM7VzxfF2IKQ3aeY	2026-06-09 22:07:48.871176+01	2026-06-16 22:07:48+01	3	15eb408fa99f4ee7a054054f7f8e2a06
217	eyJhbGciOiJIUzI1NiIsInR5cCI6IkpXVCJ9.eyJ0b2tlbl90eXBlIjoicmVmcmVzaCIsImV4cCI6MTc4MTY0NDA3MSwiaWF0IjoxNzgxMDM5MjcxLCJqdGkiOiJmNWFhZTg1YTNiMWE0YjkwOGRjYjM0OTkwMDk0YjJjOCIsInVzZXJfaWQiOiIzIiwicm9sZSI6InRlY2huaWNpZW4iLCJ1c2VybmFtZSI6InRlY2huaWNpZW4xIiwiZW1haWwiOiJ0ZWNobmljaWVuMUBvY3AubWEifQ.L1Ujyc0D54cT6UTMviti--OnO8ZwYT-WEVptixBq1Ds	2026-06-09 22:07:51.089845+01	2026-06-16 22:07:51+01	3	f5aae85a3b1a4b908dcb34990094b2c8
220	eyJhbGciOiJIUzI1NiIsInR5cCI6IkpXVCJ9.eyJ0b2tlbl90eXBlIjoicmVmcmVzaCIsImV4cCI6MTc4MTY1MDE4NSwiaWF0IjoxNzgxMDQ1Mzg1LCJqdGkiOiJiMzFlOTMzOTgyYzQ0YzA2OGYyMzE2NTQ0YzBiOGQyNCIsInVzZXJfaWQiOiIzIn0.F5AT0-4XX9LE-3lkTmX6DsR32K8vLCrCSU9oY4850kU	2026-06-09 23:49:45.064207+01	2026-06-16 23:49:45+01	3	b31e933982c44c068f2316544c0b8d24
163	eyJhbGciOiJIUzI1NiIsInR5cCI6IkpXVCJ9.eyJ0b2tlbl90eXBlIjoicmVmcmVzaCIsImV4cCI6MTc3OTg2OTY3MywiaWF0IjoxNzc5MjY0ODczLCJqdGkiOiJlM2YxNGY3MGRhNjY0MjQ4YTNkZjRkNjEyOTYxOGVjNSIsInVzZXJfaWQiOiIzIiwicm9sZSI6InRlY2huaWNpZW4iLCJ1c2VybmFtZSI6InRlY2huaWNpZW4xIiwiZW1haWwiOiJ0ZWNobmljaWVuMUBvY3AubWEifQ.GLRp2Qf2qL1PWFmy9TDs3bAGliFLHS7Kbf7uqCiKkWI	2026-05-20 09:14:33.35205+01	2026-05-27 09:14:33+01	3	e3f14f70da664248a3df4d6129618ec5
165	eyJhbGciOiJIUzI1NiIsInR5cCI6IkpXVCJ9.eyJ0b2tlbl90eXBlIjoicmVmcmVzaCIsImV4cCI6MTc3OTg3NzIwMCwiaWF0IjoxNzc5MjcyNDAwLCJqdGkiOiJkMDQ5YzM5ZWNhNmM0ZjQ3YmQ1MDBjM2I4MjQxMWVlMSIsInVzZXJfaWQiOiI0In0._aqlYVDfx4U0vsC7oWnJEUAUTbVnIz_KLBu2At6WaMY	2026-05-20 11:20:00.32053+01	2026-05-27 11:20:00+01	4	d049c39eca6c4f47bd500c3b82411ee1
170	eyJhbGciOiJIUzI1NiIsInR5cCI6IkpXVCJ9.eyJ0b2tlbl90eXBlIjoicmVmcmVzaCIsImV4cCI6MTc3OTk5MTkxNCwiaWF0IjoxNzc5Mzg3MTE0LCJqdGkiOiIxYzUxZDZiZTQ4ODg0NTE5OTVjOGEzOTVjZDY1MGI5NCIsInVzZXJfaWQiOiIzIn0.Flv941Q7D9KMW21f0Ay2uHHkQJjed0GVyXHN-72js2k	2026-05-21 19:11:54.156704+01	2026-05-28 19:11:54+01	3	1c51d6be4888451995c8a395cd650b94
173	eyJhbGciOiJIUzI1NiIsInR5cCI6IkpXVCJ9.eyJ0b2tlbl90eXBlIjoicmVmcmVzaCIsImV4cCI6MTc4MDA1NDgyMywiaWF0IjoxNzc5NDUwMDIzLCJqdGkiOiI2YTBlNmZlMjhlNGE0ZDRmODBiMTdmZjhkNzg5MGE2NiIsInVzZXJfaWQiOiIzIiwicm9sZSI6InRlY2huaWNpZW4iLCJ1c2VybmFtZSI6InRlY2huaWNpZW4xIiwiZW1haWwiOiJ0ZWNobmljaWVuMUBvY3AubWEifQ.N1Bmf-sqihhcxG3ZpGZxmM3u4cOg0dGD3_SZJy59BAk	2026-05-22 12:40:23.157859+01	2026-05-29 12:40:23+01	3	6a0e6fe28e4a4d4f80b17ff8d7890a66
176	eyJhbGciOiJIUzI1NiIsInR5cCI6IkpXVCJ9.eyJ0b2tlbl90eXBlIjoicmVmcmVzaCIsImV4cCI6MTc4MDMwNTQ1OSwiaWF0IjoxNzc5NzAwNjU5LCJqdGkiOiIyMDY1MzE2NjdhMjI0ZTNhYjIwOWY4NTY3ZjJhNGFkYyIsInVzZXJfaWQiOiIzIiwicm9sZSI6InRlY2huaWNpZW4iLCJ1c2VybmFtZSI6InRlY2huaWNpZW4xIiwiZW1haWwiOiJ0ZWNobmljaWVuMUBvY3AubWEifQ.MctdraBZZjk_KffbSlx8iWpn48utszUulh2B2K28Bdo	2026-05-25 10:17:39.603776+01	2026-06-01 10:17:39+01	3	206531667a224e3ab209f8567f2a4adc
179	eyJhbGciOiJIUzI1NiIsInR5cCI6IkpXVCJ9.eyJ0b2tlbl90eXBlIjoicmVmcmVzaCIsImV4cCI6MTc4MDkxNjkwOCwiaWF0IjoxNzgwMzEyMTA4LCJqdGkiOiJlNzhmOTk5NTVmMzM0MzdmOWJlYzIyZmU1ZDAyMDE0MyIsInVzZXJfaWQiOiIzIn0.bqnUdXAapFEV5YaElFhDYQl_jz7fH09Rbfv-N_bHHlw	2026-06-01 12:08:28.009956+01	2026-06-08 12:08:28+01	3	e78f99955f33437f9bec22fe5d020143
183	eyJhbGciOiJIUzI1NiIsInR5cCI6IkpXVCJ9.eyJ0b2tlbl90eXBlIjoicmVmcmVzaCIsImV4cCI6MTc4MDk0ODMwMCwiaWF0IjoxNzgwMzQzNTAwLCJqdGkiOiIyYzdkN2UxMmIyNmE0YzQ0OTJmZWJlZTY5MzZmZTc2ZSIsInVzZXJfaWQiOiIzIiwicm9sZSI6InRlY2huaWNpZW4iLCJ1c2VybmFtZSI6InRlY2huaWNpZW4xIiwiZW1haWwiOiJ0ZWNobmljaWVuMUBvY3AubWEifQ.O2-IdMKRP7zPYMLZTZTWVrb3GAr4Gm2CpVV7s9TZP-E	2026-06-01 20:51:40.408818+01	2026-06-08 20:51:40+01	3	2c7d7e12b26a4c4492febee6936fe76e
186	eyJhbGciOiJIUzI1NiIsInR5cCI6IkpXVCJ9.eyJ0b2tlbl90eXBlIjoicmVmcmVzaCIsImV4cCI6MTc4MDk1ODIyOCwiaWF0IjoxNzgwMzUzNDI4LCJqdGkiOiIwZWVhMTczOTZkNTc0Mjg2YTkwYjhkMWEyZTI1MjAwNSIsInVzZXJfaWQiOiIzIn0.YU0-2_uSIaSfR0aw_w6WQ7ywfkWjGZFIZ5u0Ed6Ju6Q	2026-06-01 23:37:08.387694+01	2026-06-08 23:37:08+01	3	0eea17396d574286a90b8d1a2e252005
189	eyJhbGciOiJIUzI1NiIsInR5cCI6IkpXVCJ9.eyJ0b2tlbl90eXBlIjoicmVmcmVzaCIsImV4cCI6MTc4MDk5Nzc3MSwiaWF0IjoxNzgwMzkyOTcxLCJqdGkiOiJiNzBmNjI1MjYxNWE0Yzk5OTQ2NDlkNTBhMzg0MjA1NCIsInVzZXJfaWQiOiI0In0.9Il192-ec9KZgvawk7nQEDnP3bwEOeJeorKuZbCc0RY	2026-06-02 10:36:11.234789+01	2026-06-09 10:36:11+01	4	b70f6252615a4c9994649d50a3842054
192	eyJhbGciOiJIUzI1NiIsInR5cCI6IkpXVCJ9.eyJ0b2tlbl90eXBlIjoicmVmcmVzaCIsImV4cCI6MTc4MTAwOTc4OCwiaWF0IjoxNzgwNDA0OTg4LCJqdGkiOiJmODZmOTljMzY0ZTM0YjZhYjcyNTRhMzIyN2Q2Y2ZjYiIsInVzZXJfaWQiOiIzIiwicm9sZSI6InRlY2huaWNpZW4iLCJ1c2VybmFtZSI6InRlY2huaWNpZW4xIiwiZW1haWwiOiJ0ZWNobmljaWVuMUBvY3AubWEifQ.ZuZEceWTNSgSkfJ0AeqS1-wgS0gR9p46As9cWID4xQ8	2026-06-02 13:56:28.260121+01	2026-06-09 13:56:28+01	3	f86f99c364e34b6ab7254a3227d6cfcb
195	eyJhbGciOiJIUzI1NiIsInR5cCI6IkpXVCJ9.eyJ0b2tlbl90eXBlIjoicmVmcmVzaCIsImV4cCI6MTc4MTAwOTk5MCwiaWF0IjoxNzgwNDA1MTkwLCJqdGkiOiJkZjc2ZTk3MjA1OTQ0N2JhODA4NTZmYmNjZmZjNTQxYiIsInVzZXJfaWQiOiI0In0.a7d9jNXNEGOfioW5AVGJw14eHWKI7gh5TckYDa9sNYA	2026-06-02 13:59:50.780594+01	2026-06-09 13:59:50+01	4	df76e972059447ba80856fbccffc541b
199	eyJhbGciOiJIUzI1NiIsInR5cCI6IkpXVCJ9.eyJ0b2tlbl90eXBlIjoicmVmcmVzaCIsImV4cCI6MTc4MTQ3Njk4NCwiaWF0IjoxNzgwODcyMTg0LCJqdGkiOiI0YzJjZTM0ZjhmZWY0NGNiYjJhZmI3YTdlMjA4NjExYyIsInVzZXJfaWQiOiIzIiwicm9sZSI6InRlY2huaWNpZW4iLCJ1c2VybmFtZSI6InRlY2huaWNpZW4xIiwiZW1haWwiOiJ0ZWNobmljaWVuMUBvY3AubWEifQ.nTHkvaV9xpMzUfGOrCO73xTGAsqggdPcTdGJ9hR_E9k	2026-06-07 23:43:04.210793+01	2026-06-14 23:43:04+01	3	4c2ce34f8fef44cbb2afb7a7e208611c
202	eyJhbGciOiJIUzI1NiIsInR5cCI6IkpXVCJ9.eyJ0b2tlbl90eXBlIjoicmVmcmVzaCIsImV4cCI6MTc4MTQ3Njk4NCwiaWF0IjoxNzgwODcyMTg0LCJqdGkiOiI0OWI0ZTU1OGU5NGM0MGE2YTE5MTI5MDU5OWQ5ZWVhYSIsInVzZXJfaWQiOiIzIiwicm9sZSI6InRlY2huaWNpZW4iLCJ1c2VybmFtZSI6InRlY2huaWNpZW4xIiwiZW1haWwiOiJ0ZWNobmljaWVuMUBvY3AubWEifQ.jKNiBw-HhQF2evT0bgPOaC6T_CrICeEu-rOjRgCehhM	2026-06-07 23:43:04.232716+01	2026-06-14 23:43:04+01	3	49b4e558e94c40a6a191290599d9eeaa
205	eyJhbGciOiJIUzI1NiIsInR5cCI6IkpXVCJ9.eyJ0b2tlbl90eXBlIjoicmVmcmVzaCIsImV4cCI6MTc4MTQ4MjM3NywiaWF0IjoxNzgwODc3NTc3LCJqdGkiOiJhYzcyYWM0YjMxNTA0N2M3ODZiYzYxNTc4MWMyMmRlZiIsInVzZXJfaWQiOiIzIn0.v5aHPN4q7bOVX_f-RAmhK4xn8PSzfxhRbpAiAta-D_U	2026-06-08 01:12:57.978772+01	2026-06-15 01:12:57+01	3	ac72ac4b315047c786bc615781c22def
208	eyJhbGciOiJIUzI1NiIsInR5cCI6IkpXVCJ9.eyJ0b2tlbl90eXBlIjoicmVmcmVzaCIsImV4cCI6MTc4MTUxNTQ3MCwiaWF0IjoxNzgwOTEwNjcwLCJqdGkiOiI3Nzk3NjdjMjQ3YTQ0NzgyOWY3NDBjZjFhY2NkZGM0YiIsInVzZXJfaWQiOiIzIiwicm9sZSI6InRlY2huaWNpZW4iLCJ1c2VybmFtZSI6InRlY2huaWNpZW4xIiwiZW1haWwiOiJ0ZWNobmljaWVuMUBvY3AubWEifQ.6J7vA39EQvFiGxOAUY-_eYiXXA-EeESmnCCRPtuUJHE	2026-06-08 10:24:30.868768+01	2026-06-15 10:24:30+01	3	779767c247a447829f740cf1accddc4b
211	eyJhbGciOiJIUzI1NiIsInR5cCI6IkpXVCJ9.eyJ0b2tlbl90eXBlIjoicmVmcmVzaCIsImV4cCI6MTc4MTUyNDg2NSwiaWF0IjoxNzgwOTIwMDY1LCJqdGkiOiJlYzY3MzE2NTg0Yjk0ZWVjYjk3OTFmZWFlZjZhMjE1OCIsInVzZXJfaWQiOiI0Iiwicm9sZSI6InJlc3BvbnNhYmxlIiwidXNlcm5hbWUiOiJyZXNwb25zYWJsZTEiLCJlbWFpbCI6InJlc3BvbnNhYmxlMUBvY3AubWEifQ.HxEdzdHNGUx-JJwpYkwD3NQpv0H1PfxnzguYE0mKOR4	2026-06-08 13:01:05.009338+01	2026-06-15 13:01:05+01	4	ec67316584b94eecb9791feaef6a2158
214	eyJhbGciOiJIUzI1NiIsInR5cCI6IkpXVCJ9.eyJ0b2tlbl90eXBlIjoicmVmcmVzaCIsImV4cCI6MTc4MTUyOTI0NCwiaWF0IjoxNzgwOTI0NDQ0LCJqdGkiOiI2ZGM4NGRhNmJiZTE0MTY0OTU5MWY3MjRlMTdiNWI3NSIsInVzZXJfaWQiOiIzIn0.q-tRs_-y5RNgThLpoG10ark2C09j0gm7Ph0g0zELrxw	2026-06-08 14:14:04.641231+01	2026-06-15 14:14:04+01	3	6dc84da6bbe141649591f724e17b5b75
216	eyJhbGciOiJIUzI1NiIsInR5cCI6IkpXVCJ9.eyJ0b2tlbl90eXBlIjoicmVmcmVzaCIsImV4cCI6MTc4MTY0NDA2OSwiaWF0IjoxNzgxMDM5MjY5LCJqdGkiOiI0Y2ZlMmFlZTJjMTk0NTc0YjdlNjFiNzZjNGZkM2IxMyIsInVzZXJfaWQiOiIzIiwicm9sZSI6InRlY2huaWNpZW4iLCJ1c2VybmFtZSI6InRlY2huaWNpZW4xIiwiZW1haWwiOiJ0ZWNobmljaWVuMUBvY3AubWEifQ.UVAtRUln5l2ErsCqwVpf8eZZIdMbu-J2hV-HCZ5e8-w	2026-06-09 22:07:49.001173+01	2026-06-16 22:07:49+01	3	4cfe2aee2c194574b7e61b76c4fd3b13
218	eyJhbGciOiJIUzI1NiIsInR5cCI6IkpXVCJ9.eyJ0b2tlbl90eXBlIjoicmVmcmVzaCIsImV4cCI6MTc4MTY0NTI2MywiaWF0IjoxNzgxMDQwNDYzLCJqdGkiOiIzNThhMzcxMjZiYWE0OWM4ODczMDRmZWJjYWQ3MWRmNCIsInVzZXJfaWQiOiIzIn0.Tz1blDtpBIJb89vn7viJUy-cCRwQlDRNhks6jAsynbI	2026-06-09 22:27:43.931907+01	2026-06-16 22:27:43+01	3	358a37126baa49c887304febcad71df4
221	eyJhbGciOiJIUzI1NiIsInR5cCI6IkpXVCJ9.eyJ0b2tlbl90eXBlIjoicmVmcmVzaCIsImV4cCI6MTc4MTY1MTg2MCwiaWF0IjoxNzgxMDQ3MDYwLCJqdGkiOiIzM2I2NGQyZWYyMzE0MzAyOTI5MGE3YjkzZWQ1YTJmYyIsInVzZXJfaWQiOiIzIn0.4hhVLol6jHgyO5z6g7I0ls3NK9OSHwDBkwSBFZ0J3sQ	2026-06-10 00:17:40.888984+01	2026-06-17 00:17:40+01	3	33b64d2ef23143029290a7b93ed5a2fc
223	eyJhbGciOiJIUzI1NiIsInR5cCI6IkpXVCJ9.eyJ0b2tlbl90eXBlIjoicmVmcmVzaCIsImV4cCI6MTc4MTY1NzU3MywiaWF0IjoxNzgxMDUyNzczLCJqdGkiOiI4ZWU5OTQzNGU0Y2U0Yjg2OGU5NTU5NjAyZWY1MGIwYyIsInVzZXJfaWQiOiIxMCJ9.5k64j24lC_zAQZ0XMqrQhvnQ_pLxsfRqj8EZBkAYoGk	2026-06-10 01:52:53.977455+01	2026-06-17 01:52:53+01	10	8ee99434e4ce4b868e9559602ef50b0c
222	eyJhbGciOiJIUzI1NiIsInR5cCI6IkpXVCJ9.eyJ0b2tlbl90eXBlIjoicmVmcmVzaCIsImV4cCI6MTc4MTY1NTgxMSwiaWF0IjoxNzgxMDUxMDExLCJqdGkiOiI2Njk3MTIxZjFhZTc0MGFlYjQ0YjViZTkxYjdmZGJjYyIsInVzZXJfaWQiOiIzIiwicm9sZSI6InRlY2huaWNpZW4iLCJ1c2VybmFtZSI6InRlY2huaWNpZW4xIiwiZW1haWwiOiJ0ZWNobmljaWVuMUBvY3AubWEifQ.G9ENwRCHKysPn6Jw-H3Wrd9t3rU9qqnxEJurz4lJplM	2026-06-10 01:23:31.55371+01	2026-06-17 01:23:31+01	3	6697121f1ae740aeb44b5be91b7fdbcc
224	eyJhbGciOiJIUzI1NiIsInR5cCI6IkpXVCJ9.eyJ0b2tlbl90eXBlIjoicmVmcmVzaCIsImV4cCI6MTc4MTY5MjQ2NywiaWF0IjoxNzgxMDg3NjY3LCJqdGkiOiI2MWZmNDFiZTE0YTY0NWQxYWYyYmY5MGQyZjVlNjRlOSIsInVzZXJfaWQiOiIxMCIsInJvbGUiOiJvcGVyYXRldXIiLCJ1c2VybmFtZSI6Im9wZXJhdGV1cjIiLCJlbWFpbCI6Im9wZXJhdGV1cjJAb2NwLm1hIn0.RvIsYfP1wQ3m23CtPCvJrMT5_J0rl1BFgBLFyg74zXE	2026-06-10 11:34:27.851409+01	2026-06-17 11:34:27+01	10	61ff41be14a645d1af2bf90d2f5e64e9
225	eyJhbGciOiJIUzI1NiIsInR5cCI6IkpXVCJ9.eyJ0b2tlbl90eXBlIjoicmVmcmVzaCIsImV4cCI6MTc4MTY5MjQ2NywiaWF0IjoxNzgxMDg3NjY3LCJqdGkiOiIxMWRhYjk1NzFmYzY0Nzc2YjI1MzQ3YjlkMTNhODBjZSIsInVzZXJfaWQiOiIxMCIsInJvbGUiOiJvcGVyYXRldXIiLCJ1c2VybmFtZSI6Im9wZXJhdGV1cjIiLCJlbWFpbCI6Im9wZXJhdGV1cjJAb2NwLm1hIn0.vyajrT22FJekDyOjHG-f392zHueo5PFGqL6fESEcLpM	2026-06-10 11:34:27.876255+01	2026-06-17 11:34:27+01	10	11dab9571fc64776b25347b9d13a80ce
226	eyJhbGciOiJIUzI1NiIsInR5cCI6IkpXVCJ9.eyJ0b2tlbl90eXBlIjoicmVmcmVzaCIsImV4cCI6MTc4MTY5MjQ2NywiaWF0IjoxNzgxMDg3NjY3LCJqdGkiOiI2MzhiMWU0MWY3ZDE0OWQ3YWNjZGQ3YmY5MWRiMDViMyIsInVzZXJfaWQiOiIxMCIsInJvbGUiOiJvcGVyYXRldXIiLCJ1c2VybmFtZSI6Im9wZXJhdGV1cjIiLCJlbWFpbCI6Im9wZXJhdGV1cjJAb2NwLm1hIn0.DdKoeuAdJjk7_99FofW73JmAjNFmqfzhzhmx2Yrc_KE	2026-06-10 11:34:27.817177+01	2026-06-17 11:34:27+01	10	638b1e41f7d149d7accdd7bf91db05b3
227	eyJhbGciOiJIUzI1NiIsInR5cCI6IkpXVCJ9.eyJ0b2tlbl90eXBlIjoicmVmcmVzaCIsImV4cCI6MTc4MTY5MjQ2NywiaWF0IjoxNzgxMDg3NjY3LCJqdGkiOiI3Yjc0Nzk2NTAwMmI0YTM3OWE0Y2YwZjdlODI0MDlkZiIsInVzZXJfaWQiOiIxMCIsInJvbGUiOiJvcGVyYXRldXIiLCJ1c2VybmFtZSI6Im9wZXJhdGV1cjIiLCJlbWFpbCI6Im9wZXJhdGV1cjJAb2NwLm1hIn0.PUO28UR2Y9v4q54kUAOtZ_46XsJf4SAgYERd3ust_VI	2026-06-10 11:34:27.833895+01	2026-06-17 11:34:27+01	10	7b747965002b4a379a4cf0f7e82409df
228	eyJhbGciOiJIUzI1NiIsInR5cCI6IkpXVCJ9.eyJ0b2tlbl90eXBlIjoicmVmcmVzaCIsImV4cCI6MTc4MTY5Mjc4OSwiaWF0IjoxNzgxMDg3OTg5LCJqdGkiOiI3YTEyYjRhNmY3Yjg0ZjFkOTI0MzY2YTQyNDBmMGVlYyIsInVzZXJfaWQiOiIzIn0.qRMDv0Iqu8mVJjbHDsZtuDjr0vewTk0rjKpyNyc1Ow0	2026-06-10 11:39:49.954399+01	2026-06-17 11:39:49+01	3	7a12b4a6f7b84f1d924366a4240f0eec
229	eyJhbGciOiJIUzI1NiIsInR5cCI6IkpXVCJ9.eyJ0b2tlbl90eXBlIjoicmVmcmVzaCIsImV4cCI6MTc4MTY5Mjk5MywiaWF0IjoxNzgxMDg4MTkzLCJqdGkiOiI0Y2FhZWNlOWRjZDk0YWIzODQwYTFhMjQ1MWZmNTIwNiIsInVzZXJfaWQiOiIxMSJ9.p6JxUYiqIG73zsb2kjFMlClmP5HHgUgEq5AxIc7PHX0	2026-06-10 11:43:13.971175+01	2026-06-17 11:43:13+01	11	4caaece9dcd94ab3840a1a2451ff5206
230	eyJhbGciOiJIUzI1NiIsInR5cCI6IkpXVCJ9.eyJ0b2tlbl90eXBlIjoicmVmcmVzaCIsImV4cCI6MTc4MTY5MzA2MCwiaWF0IjoxNzgxMDg4MjYwLCJqdGkiOiI1NTYwYTI1ZjFmNmE0YTFlOWMxODJjODYyNjlmZjhjNCIsInVzZXJfaWQiOiIyIn0.86ha4jIV2miBpIFSqrdyaW77NRMqXby7EPknRt48NJs	2026-06-10 11:44:20.258614+01	2026-06-17 11:44:20+01	2	5560a25f1f6a4a1e9c182c86269ff8c4
231	eyJhbGciOiJIUzI1NiIsInR5cCI6IkpXVCJ9.eyJ0b2tlbl90eXBlIjoicmVmcmVzaCIsImV4cCI6MTc4MTY5MzIyOCwiaWF0IjoxNzgxMDg4NDI4LCJqdGkiOiI2ZWZkYmFjOWQ5MzY0YmNlODViYjNmZmUxZTk3NmVkNyIsInVzZXJfaWQiOiIxMSJ9.OdOtAx8q3DygMHFun3cAYXcUIOcLIWuy27W-sAt65FU	2026-06-10 11:47:08.931278+01	2026-06-17 11:47:08+01	11	6efdbac9d9364bce85bb3ffe1e976ed7
36	eyJhbGciOiJIUzI1NiIsInR5cCI6IkpXVCJ9.eyJ0b2tlbl90eXBlIjoicmVmcmVzaCIsImV4cCI6MTc3ODE1ODI0NSwiaWF0IjoxNzc3NTUzNDQ1LCJqdGkiOiJjYTVhMTczYzJmYWE0NmY5ODcyMzFjNDI1MWJiOTg0ZiIsInVzZXJfaWQiOiI5In0.tODx63Wmy8e3ACOndzBl9KDFolaB1_fDoAugqHfdXko	2026-04-30 13:50:45.966917+01	2026-05-07 13:50:45+01	\N	ca5a173c2faa46f987231c4251bb984f
232	eyJhbGciOiJIUzI1NiIsInR5cCI6IkpXVCJ9.eyJ0b2tlbl90eXBlIjoicmVmcmVzaCIsImV4cCI6MTc4MTY5NDU4MCwiaWF0IjoxNzgxMDg5NzgwLCJqdGkiOiI3YTA3M2FlMWQzNTU0ZWVhOTllOWZkNmNhNTU1MjMwMCIsInVzZXJfaWQiOiIxMSJ9.KEBrxQMRxFANm77Yefu8gNzwzEXiFfsXuMPVBlFjmRI	2026-06-10 12:09:40.783525+01	2026-06-17 12:09:40+01	11	7a073ae1d3554eea99e9fd6ca5552300
233	eyJhbGciOiJIUzI1NiIsInR5cCI6IkpXVCJ9.eyJ0b2tlbl90eXBlIjoicmVmcmVzaCIsImV4cCI6MTc4MTY5NDczNCwiaWF0IjoxNzgxMDg5OTM0LCJqdGkiOiI1OTQ5NmEzMGYzMWU0MWFlOTNjMTk4ZGVhZGViYmEyYiIsInVzZXJfaWQiOiIyIn0.XmilT_zpVVxsfcysuZ0Cp-TYuHqPh5rNJ_CZwoYBhF0	2026-06-10 12:12:14.117423+01	2026-06-17 12:12:14+01	2	59496a30f31e41ae93c198deadebba2b
234	eyJhbGciOiJIUzI1NiIsInR5cCI6IkpXVCJ9.eyJ0b2tlbl90eXBlIjoicmVmcmVzaCIsImV4cCI6MTc4MTY5NDc2OCwiaWF0IjoxNzgxMDg5OTY4LCJqdGkiOiI5NDRhNWJhMmUxYzQ0NDhlYTdlMzgyZDcxYzJmZmE3MiIsInVzZXJfaWQiOiIzIn0.OWX3_nc3Jghrx9wXIAjES71lsbe29V-R5mbns-eBfYk	2026-06-10 12:12:48.405728+01	2026-06-17 12:12:48+01	3	944a5ba2e1c4448ea7e382d71c2ffa72
235	eyJhbGciOiJIUzI1NiIsInR5cCI6IkpXVCJ9.eyJ0b2tlbl90eXBlIjoicmVmcmVzaCIsImV4cCI6MTc4MTY5NDg1NSwiaWF0IjoxNzgxMDkwMDU1LCJqdGkiOiIyMTNmZDkxNjcwOGY0ZmNmOWFlNzQ1YTZkZDEzNGQyZiIsInVzZXJfaWQiOiIxMCJ9.fkm-hRXH5x3QCX5hpaxDXnYZL0raPzeIXEAFkk35fls	2026-06-10 12:14:15.057121+01	2026-06-17 12:14:15+01	10	213fd916708f4fcf9ae745a6dd134d2f
236	eyJhbGciOiJIUzI1NiIsInR5cCI6IkpXVCJ9.eyJ0b2tlbl90eXBlIjoicmVmcmVzaCIsImV4cCI6MTc4MTY5NDkyOSwiaWF0IjoxNzgxMDkwMTI5LCJqdGkiOiI1NWRiM2Q5Yzc2MWM0OGYzYmQ4ODZlMGMyMGFhY2E5ZSIsInVzZXJfaWQiOiIzIn0.0JQ0RinZW72mb3Lw6oUW6TRr-yvXJ9J6h6bJ4Aoewf0	2026-06-10 12:15:29.472383+01	2026-06-17 12:15:29+01	3	55db3d9c761c48f3bd886e0c20aaca9e
237	eyJhbGciOiJIUzI1NiIsInR5cCI6IkpXVCJ9.eyJ0b2tlbl90eXBlIjoicmVmcmVzaCIsImV4cCI6MTc4MTY5ODUyOSwiaWF0IjoxNzgxMDkzNzI5LCJqdGkiOiJiOTVlY2FmNGJlZDk0YWRlYWJjNDljOTgyMzQ2ZWQ0MCIsInVzZXJfaWQiOiIzIiwicm9sZSI6InRlY2huaWNpZW4iLCJ1c2VybmFtZSI6InRlY2huaWNpZW4xIiwiZW1haWwiOiJ0ZWNobmljaWVuMUBvY3AubWEifQ.s4dFPSDAmprGFtkFTOYdUIGSZAF9awlYrODg3Y1YkY4	2026-06-10 13:15:29.398683+01	2026-06-17 13:15:29+01	3	b95ecaf4bed94adeabc49c982346ed40
238	eyJhbGciOiJIUzI1NiIsInR5cCI6IkpXVCJ9.eyJ0b2tlbl90eXBlIjoicmVmcmVzaCIsImV4cCI6MTc4MTcwNDUwNiwiaWF0IjoxNzgxMDk5NzA2LCJqdGkiOiI1NjBhZDNiNDAzNmM0NWJmYmVlZmY4M2IyYTgzZTY2YSIsInVzZXJfaWQiOiIzIn0.NkTckP0QEiu4EwCh-4Zz9yNlm7x0XEjrrZ8Xp3jc3W8	2026-06-10 14:55:06.543678+01	2026-06-17 14:55:06+01	3	560ad3b4036c45bfbeeff83b2a83e66a
239	eyJhbGciOiJIUzI1NiIsInR5cCI6IkpXVCJ9.eyJ0b2tlbl90eXBlIjoicmVmcmVzaCIsImV4cCI6MTc4MTcwNjYxNCwiaWF0IjoxNzgxMTAxODE0LCJqdGkiOiI5ZGFiMTFhZWU5YzY0NjA3OWU4MzFiOGViMDJiZGUyMiIsInVzZXJfaWQiOiIxMSJ9.PvMqaOxFLUMpxtM2UVy9EAAnC5XymRDhLwNiaSJTnxM	2026-06-10 15:30:14.87029+01	2026-06-17 15:30:14+01	11	9dab11aee9c646079e831b8eb02bde22
240	eyJhbGciOiJIUzI1NiIsInR5cCI6IkpXVCJ9.eyJ0b2tlbl90eXBlIjoicmVmcmVzaCIsImV4cCI6MTc4MTcwNzQ4OSwiaWF0IjoxNzgxMTAyNjg5LCJqdGkiOiJiN2IwMzIxNGE3NDc0OWQ3ODhiNGZkNjNhY2RhMTI0ZSIsInVzZXJfaWQiOiI0In0.Vs3_pzEnQktb9C5odev0ClePZl5Pmu_DbJc9VDVifzo	2026-06-10 15:44:49.17995+01	2026-06-17 15:44:49+01	4	b7b03214a74749d788b4fd63acda124e
241	eyJhbGciOiJIUzI1NiIsInR5cCI6IkpXVCJ9.eyJ0b2tlbl90eXBlIjoicmVmcmVzaCIsImV4cCI6MTc4MTcxMTU5NSwiaWF0IjoxNzgxMTA2Nzk1LCJqdGkiOiI5MDVjZWZiZmQ5MTk0ZTU2YjU0MjBjMTc2ZWJmM2NmMyIsInVzZXJfaWQiOiI0Iiwicm9sZSI6InJlc3BvbnNhYmxlIiwidXNlcm5hbWUiOiJyZXNwb25zYWJsZTEiLCJlbWFpbCI6InJlc3BvbnNhYmxlMUBvY3AubWEifQ.iORmstAq9WCqeeknqvl9x9r20V_3S_tHFFo6G2sIslI	2026-06-10 16:53:15.950945+01	2026-06-17 16:53:15+01	4	905cefbfd9194e56b5420c176ebf3cf3
\.


--
-- Name: auth_group_id_seq; Type: SEQUENCE SET; Schema: public; Owner: postgres
--

SELECT pg_catalog.setval('public.auth_group_id_seq', 1, false);


--
-- Name: auth_group_permissions_id_seq; Type: SEQUENCE SET; Schema: public; Owner: postgres
--

SELECT pg_catalog.setval('public.auth_group_permissions_id_seq', 1, false);


--
-- Name: auth_permission_id_seq; Type: SEQUENCE SET; Schema: public; Owner: postgres
--

SELECT pg_catalog.setval('public.auth_permission_id_seq', 48, true);


--
-- Name: django_admin_log_id_seq; Type: SEQUENCE SET; Schema: public; Owner: postgres
--

SELECT pg_catalog.setval('public.django_admin_log_id_seq', 13, true);


--
-- Name: django_content_type_id_seq; Type: SEQUENCE SET; Schema: public; Owner: postgres
--

SELECT pg_catalog.setval('public.django_content_type_id_seq', 12, true);


--
-- Name: django_migrations_id_seq; Type: SEQUENCE SET; Schema: public; Owner: postgres
--

SELECT pg_catalog.setval('public.django_migrations_id_seq', 31, true);


--
-- Name: tickets_equipement_id_seq; Type: SEQUENCE SET; Schema: public; Owner: postgres
--

SELECT pg_catalog.setval('public.tickets_equipement_id_seq', 5, true);


--
-- Name: tickets_notification_id_seq; Type: SEQUENCE SET; Schema: public; Owner: postgres
--

SELECT pg_catalog.setval('public.tickets_notification_id_seq', 41, true);


--
-- Name: tickets_suggestionia_id_seq; Type: SEQUENCE SET; Schema: public; Owner: postgres
--

SELECT pg_catalog.setval('public.tickets_suggestionia_id_seq', 33, true);


--
-- Name: tickets_ticket_id_seq; Type: SEQUENCE SET; Schema: public; Owner: postgres
--

SELECT pg_catalog.setval('public.tickets_ticket_id_seq', 28, true);


--
-- Name: tickets_utilisateur_groups_id_seq; Type: SEQUENCE SET; Schema: public; Owner: postgres
--

SELECT pg_catalog.setval('public.tickets_utilisateur_groups_id_seq', 1, false);


--
-- Name: tickets_utilisateur_id_seq; Type: SEQUENCE SET; Schema: public; Owner: postgres
--

SELECT pg_catalog.setval('public.tickets_utilisateur_id_seq', 11, true);


--
-- Name: tickets_utilisateur_user_permissions_id_seq; Type: SEQUENCE SET; Schema: public; Owner: postgres
--

SELECT pg_catalog.setval('public.tickets_utilisateur_user_permissions_id_seq', 1, false);


--
-- Name: token_blacklist_blacklistedtoken_id_seq; Type: SEQUENCE SET; Schema: public; Owner: postgres
--

SELECT pg_catalog.setval('public.token_blacklist_blacklistedtoken_id_seq', 155, true);


--
-- Name: token_blacklist_outstandingtoken_id_seq; Type: SEQUENCE SET; Schema: public; Owner: postgres
--

SELECT pg_catalog.setval('public.token_blacklist_outstandingtoken_id_seq', 241, true);


--
-- Name: auth_group auth_group_name_key; Type: CONSTRAINT; Schema: public; Owner: postgres
--

ALTER TABLE ONLY public.auth_group
    ADD CONSTRAINT auth_group_name_key UNIQUE (name);


--
-- Name: auth_group_permissions auth_group_permissions_group_id_permission_id_0cd325b0_uniq; Type: CONSTRAINT; Schema: public; Owner: postgres
--

ALTER TABLE ONLY public.auth_group_permissions
    ADD CONSTRAINT auth_group_permissions_group_id_permission_id_0cd325b0_uniq UNIQUE (group_id, permission_id);


--
-- Name: auth_group_permissions auth_group_permissions_pkey; Type: CONSTRAINT; Schema: public; Owner: postgres
--

ALTER TABLE ONLY public.auth_group_permissions
    ADD CONSTRAINT auth_group_permissions_pkey PRIMARY KEY (id);


--
-- Name: auth_group auth_group_pkey; Type: CONSTRAINT; Schema: public; Owner: postgres
--

ALTER TABLE ONLY public.auth_group
    ADD CONSTRAINT auth_group_pkey PRIMARY KEY (id);


--
-- Name: auth_permission auth_permission_content_type_id_codename_01ab375a_uniq; Type: CONSTRAINT; Schema: public; Owner: postgres
--

ALTER TABLE ONLY public.auth_permission
    ADD CONSTRAINT auth_permission_content_type_id_codename_01ab375a_uniq UNIQUE (content_type_id, codename);


--
-- Name: auth_permission auth_permission_pkey; Type: CONSTRAINT; Schema: public; Owner: postgres
--

ALTER TABLE ONLY public.auth_permission
    ADD CONSTRAINT auth_permission_pkey PRIMARY KEY (id);


--
-- Name: django_admin_log django_admin_log_pkey; Type: CONSTRAINT; Schema: public; Owner: postgres
--

ALTER TABLE ONLY public.django_admin_log
    ADD CONSTRAINT django_admin_log_pkey PRIMARY KEY (id);


--
-- Name: django_content_type django_content_type_app_label_model_76bd3d3b_uniq; Type: CONSTRAINT; Schema: public; Owner: postgres
--

ALTER TABLE ONLY public.django_content_type
    ADD CONSTRAINT django_content_type_app_label_model_76bd3d3b_uniq UNIQUE (app_label, model);


--
-- Name: django_content_type django_content_type_pkey; Type: CONSTRAINT; Schema: public; Owner: postgres
--

ALTER TABLE ONLY public.django_content_type
    ADD CONSTRAINT django_content_type_pkey PRIMARY KEY (id);


--
-- Name: django_migrations django_migrations_pkey; Type: CONSTRAINT; Schema: public; Owner: postgres
--

ALTER TABLE ONLY public.django_migrations
    ADD CONSTRAINT django_migrations_pkey PRIMARY KEY (id);


--
-- Name: django_session django_session_pkey; Type: CONSTRAINT; Schema: public; Owner: postgres
--

ALTER TABLE ONLY public.django_session
    ADD CONSTRAINT django_session_pkey PRIMARY KEY (session_key);


--
-- Name: tickets_equipement tickets_equipement_pkey; Type: CONSTRAINT; Schema: public; Owner: postgres
--

ALTER TABLE ONLY public.tickets_equipement
    ADD CONSTRAINT tickets_equipement_pkey PRIMARY KEY (id);


--
-- Name: tickets_notification tickets_notification_pkey; Type: CONSTRAINT; Schema: public; Owner: postgres
--

ALTER TABLE ONLY public.tickets_notification
    ADD CONSTRAINT tickets_notification_pkey PRIMARY KEY (id);


--
-- Name: tickets_suggestionia tickets_suggestionia_pkey; Type: CONSTRAINT; Schema: public; Owner: postgres
--

ALTER TABLE ONLY public.tickets_suggestionia
    ADD CONSTRAINT tickets_suggestionia_pkey PRIMARY KEY (id);


--
-- Name: tickets_ticket tickets_ticket_pkey; Type: CONSTRAINT; Schema: public; Owner: postgres
--

ALTER TABLE ONLY public.tickets_ticket
    ADD CONSTRAINT tickets_ticket_pkey PRIMARY KEY (id);


--
-- Name: tickets_utilisateur_groups tickets_utilisateur_grou_utilisateur_id_group_id_21fd60d9_uniq; Type: CONSTRAINT; Schema: public; Owner: postgres
--

ALTER TABLE ONLY public.tickets_utilisateur_groups
    ADD CONSTRAINT tickets_utilisateur_grou_utilisateur_id_group_id_21fd60d9_uniq UNIQUE (utilisateur_id, group_id);


--
-- Name: tickets_utilisateur_groups tickets_utilisateur_groups_pkey; Type: CONSTRAINT; Schema: public; Owner: postgres
--

ALTER TABLE ONLY public.tickets_utilisateur_groups
    ADD CONSTRAINT tickets_utilisateur_groups_pkey PRIMARY KEY (id);


--
-- Name: tickets_utilisateur tickets_utilisateur_pkey; Type: CONSTRAINT; Schema: public; Owner: postgres
--

ALTER TABLE ONLY public.tickets_utilisateur
    ADD CONSTRAINT tickets_utilisateur_pkey PRIMARY KEY (id);


--
-- Name: tickets_utilisateur_user_permissions tickets_utilisateur_user_permissions_pkey; Type: CONSTRAINT; Schema: public; Owner: postgres
--

ALTER TABLE ONLY public.tickets_utilisateur_user_permissions
    ADD CONSTRAINT tickets_utilisateur_user_permissions_pkey PRIMARY KEY (id);


--
-- Name: tickets_utilisateur_user_permissions tickets_utilisateur_user_utilisateur_id_permissio_cccac055_uniq; Type: CONSTRAINT; Schema: public; Owner: postgres
--

ALTER TABLE ONLY public.tickets_utilisateur_user_permissions
    ADD CONSTRAINT tickets_utilisateur_user_utilisateur_id_permissio_cccac055_uniq UNIQUE (utilisateur_id, permission_id);


--
-- Name: tickets_utilisateur tickets_utilisateur_username_key; Type: CONSTRAINT; Schema: public; Owner: postgres
--

ALTER TABLE ONLY public.tickets_utilisateur
    ADD CONSTRAINT tickets_utilisateur_username_key UNIQUE (username);


--
-- Name: token_blacklist_blacklistedtoken token_blacklist_blacklistedtoken_pkey; Type: CONSTRAINT; Schema: public; Owner: postgres
--

ALTER TABLE ONLY public.token_blacklist_blacklistedtoken
    ADD CONSTRAINT token_blacklist_blacklistedtoken_pkey PRIMARY KEY (id);


--
-- Name: token_blacklist_blacklistedtoken token_blacklist_blacklistedtoken_token_id_key; Type: CONSTRAINT; Schema: public; Owner: postgres
--

ALTER TABLE ONLY public.token_blacklist_blacklistedtoken
    ADD CONSTRAINT token_blacklist_blacklistedtoken_token_id_key UNIQUE (token_id);


--
-- Name: token_blacklist_outstandingtoken token_blacklist_outstandingtoken_jti_hex_d9bdf6f7_uniq; Type: CONSTRAINT; Schema: public; Owner: postgres
--

ALTER TABLE ONLY public.token_blacklist_outstandingtoken
    ADD CONSTRAINT token_blacklist_outstandingtoken_jti_hex_d9bdf6f7_uniq UNIQUE (jti);


--
-- Name: token_blacklist_outstandingtoken token_blacklist_outstandingtoken_pkey; Type: CONSTRAINT; Schema: public; Owner: postgres
--

ALTER TABLE ONLY public.token_blacklist_outstandingtoken
    ADD CONSTRAINT token_blacklist_outstandingtoken_pkey PRIMARY KEY (id);


--
-- Name: auth_group_name_a6ea08ec_like; Type: INDEX; Schema: public; Owner: postgres
--

CREATE INDEX auth_group_name_a6ea08ec_like ON public.auth_group USING btree (name varchar_pattern_ops);


--
-- Name: auth_group_permissions_group_id_b120cbf9; Type: INDEX; Schema: public; Owner: postgres
--

CREATE INDEX auth_group_permissions_group_id_b120cbf9 ON public.auth_group_permissions USING btree (group_id);


--
-- Name: auth_group_permissions_permission_id_84c5c92e; Type: INDEX; Schema: public; Owner: postgres
--

CREATE INDEX auth_group_permissions_permission_id_84c5c92e ON public.auth_group_permissions USING btree (permission_id);


--
-- Name: auth_permission_content_type_id_2f476e4b; Type: INDEX; Schema: public; Owner: postgres
--

CREATE INDEX auth_permission_content_type_id_2f476e4b ON public.auth_permission USING btree (content_type_id);


--
-- Name: django_admin_log_content_type_id_c4bce8eb; Type: INDEX; Schema: public; Owner: postgres
--

CREATE INDEX django_admin_log_content_type_id_c4bce8eb ON public.django_admin_log USING btree (content_type_id);


--
-- Name: django_admin_log_user_id_c564eba6; Type: INDEX; Schema: public; Owner: postgres
--

CREATE INDEX django_admin_log_user_id_c564eba6 ON public.django_admin_log USING btree (user_id);


--
-- Name: django_session_expire_date_a5c62663; Type: INDEX; Schema: public; Owner: postgres
--

CREATE INDEX django_session_expire_date_a5c62663 ON public.django_session USING btree (expire_date);


--
-- Name: django_session_session_key_c0390e0f_like; Type: INDEX; Schema: public; Owner: postgres
--

CREATE INDEX django_session_session_key_c0390e0f_like ON public.django_session USING btree (session_key varchar_pattern_ops);


--
-- Name: tickets_notification_ticket_id_277b7fd8; Type: INDEX; Schema: public; Owner: postgres
--

CREATE INDEX tickets_notification_ticket_id_277b7fd8 ON public.tickets_notification USING btree (ticket_id);


--
-- Name: tickets_notification_utilisateur_id_ef7961e2; Type: INDEX; Schema: public; Owner: postgres
--

CREATE INDEX tickets_notification_utilisateur_id_ef7961e2 ON public.tickets_notification USING btree (utilisateur_id);


--
-- Name: tickets_suggestionia_technicien_id_ea9cdb9b; Type: INDEX; Schema: public; Owner: postgres
--

CREATE INDEX tickets_suggestionia_technicien_id_ea9cdb9b ON public.tickets_suggestionia USING btree (technicien_id);


--
-- Name: tickets_suggestionia_ticket_id_912adead; Type: INDEX; Schema: public; Owner: postgres
--

CREATE INDEX tickets_suggestionia_ticket_id_912adead ON public.tickets_suggestionia USING btree (ticket_id);


--
-- Name: tickets_ticket_createur_id_b641e44c; Type: INDEX; Schema: public; Owner: postgres
--

CREATE INDEX tickets_ticket_createur_id_b641e44c ON public.tickets_ticket USING btree (createur_id);


--
-- Name: tickets_ticket_equipement_id_bfd7d55d; Type: INDEX; Schema: public; Owner: postgres
--

CREATE INDEX tickets_ticket_equipement_id_bfd7d55d ON public.tickets_ticket USING btree (equipement_id);


--
-- Name: tickets_ticket_technicien_id_ca667e66; Type: INDEX; Schema: public; Owner: postgres
--

CREATE INDEX tickets_ticket_technicien_id_ca667e66 ON public.tickets_ticket USING btree (technicien_id);


--
-- Name: tickets_utilisateur_groups_group_id_708248fe; Type: INDEX; Schema: public; Owner: postgres
--

CREATE INDEX tickets_utilisateur_groups_group_id_708248fe ON public.tickets_utilisateur_groups USING btree (group_id);


--
-- Name: tickets_utilisateur_groups_utilisateur_id_64f00253; Type: INDEX; Schema: public; Owner: postgres
--

CREATE INDEX tickets_utilisateur_groups_utilisateur_id_64f00253 ON public.tickets_utilisateur_groups USING btree (utilisateur_id);


--
-- Name: tickets_utilisateur_user_permissions_permission_id_23d2e82a; Type: INDEX; Schema: public; Owner: postgres
--

CREATE INDEX tickets_utilisateur_user_permissions_permission_id_23d2e82a ON public.tickets_utilisateur_user_permissions USING btree (permission_id);


--
-- Name: tickets_utilisateur_user_permissions_utilisateur_id_585a81c9; Type: INDEX; Schema: public; Owner: postgres
--

CREATE INDEX tickets_utilisateur_user_permissions_utilisateur_id_585a81c9 ON public.tickets_utilisateur_user_permissions USING btree (utilisateur_id);


--
-- Name: tickets_utilisateur_username_a3b7d816_like; Type: INDEX; Schema: public; Owner: postgres
--

CREATE INDEX tickets_utilisateur_username_a3b7d816_like ON public.tickets_utilisateur USING btree (username varchar_pattern_ops);


--
-- Name: token_blacklist_outstandingtoken_jti_hex_d9bdf6f7_like; Type: INDEX; Schema: public; Owner: postgres
--

CREATE INDEX token_blacklist_outstandingtoken_jti_hex_d9bdf6f7_like ON public.token_blacklist_outstandingtoken USING btree (jti varchar_pattern_ops);


--
-- Name: token_blacklist_outstandingtoken_user_id_83bc629a; Type: INDEX; Schema: public; Owner: postgres
--

CREATE INDEX token_blacklist_outstandingtoken_user_id_83bc629a ON public.token_blacklist_outstandingtoken USING btree (user_id);


--
-- Name: auth_group_permissions auth_group_permissio_permission_id_84c5c92e_fk_auth_perm; Type: FK CONSTRAINT; Schema: public; Owner: postgres
--

ALTER TABLE ONLY public.auth_group_permissions
    ADD CONSTRAINT auth_group_permissio_permission_id_84c5c92e_fk_auth_perm FOREIGN KEY (permission_id) REFERENCES public.auth_permission(id) DEFERRABLE INITIALLY DEFERRED;


--
-- Name: auth_group_permissions auth_group_permissions_group_id_b120cbf9_fk_auth_group_id; Type: FK CONSTRAINT; Schema: public; Owner: postgres
--

ALTER TABLE ONLY public.auth_group_permissions
    ADD CONSTRAINT auth_group_permissions_group_id_b120cbf9_fk_auth_group_id FOREIGN KEY (group_id) REFERENCES public.auth_group(id) DEFERRABLE INITIALLY DEFERRED;


--
-- Name: auth_permission auth_permission_content_type_id_2f476e4b_fk_django_co; Type: FK CONSTRAINT; Schema: public; Owner: postgres
--

ALTER TABLE ONLY public.auth_permission
    ADD CONSTRAINT auth_permission_content_type_id_2f476e4b_fk_django_co FOREIGN KEY (content_type_id) REFERENCES public.django_content_type(id) DEFERRABLE INITIALLY DEFERRED;


--
-- Name: django_admin_log django_admin_log_content_type_id_c4bce8eb_fk_django_co; Type: FK CONSTRAINT; Schema: public; Owner: postgres
--

ALTER TABLE ONLY public.django_admin_log
    ADD CONSTRAINT django_admin_log_content_type_id_c4bce8eb_fk_django_co FOREIGN KEY (content_type_id) REFERENCES public.django_content_type(id) DEFERRABLE INITIALLY DEFERRED;


--
-- Name: django_admin_log django_admin_log_user_id_c564eba6_fk_tickets_utilisateur_id; Type: FK CONSTRAINT; Schema: public; Owner: postgres
--

ALTER TABLE ONLY public.django_admin_log
    ADD CONSTRAINT django_admin_log_user_id_c564eba6_fk_tickets_utilisateur_id FOREIGN KEY (user_id) REFERENCES public.tickets_utilisateur(id) DEFERRABLE INITIALLY DEFERRED;


--
-- Name: tickets_notification tickets_notification_ticket_id_277b7fd8_fk_tickets_ticket_id; Type: FK CONSTRAINT; Schema: public; Owner: postgres
--

ALTER TABLE ONLY public.tickets_notification
    ADD CONSTRAINT tickets_notification_ticket_id_277b7fd8_fk_tickets_ticket_id FOREIGN KEY (ticket_id) REFERENCES public.tickets_ticket(id) DEFERRABLE INITIALLY DEFERRED;


--
-- Name: tickets_notification tickets_notification_utilisateur_id_ef7961e2_fk_tickets_u; Type: FK CONSTRAINT; Schema: public; Owner: postgres
--

ALTER TABLE ONLY public.tickets_notification
    ADD CONSTRAINT tickets_notification_utilisateur_id_ef7961e2_fk_tickets_u FOREIGN KEY (utilisateur_id) REFERENCES public.tickets_utilisateur(id) DEFERRABLE INITIALLY DEFERRED;


--
-- Name: tickets_suggestionia tickets_suggestionia_technicien_id_ea9cdb9b_fk_tickets_u; Type: FK CONSTRAINT; Schema: public; Owner: postgres
--

ALTER TABLE ONLY public.tickets_suggestionia
    ADD CONSTRAINT tickets_suggestionia_technicien_id_ea9cdb9b_fk_tickets_u FOREIGN KEY (technicien_id) REFERENCES public.tickets_utilisateur(id) DEFERRABLE INITIALLY DEFERRED;


--
-- Name: tickets_suggestionia tickets_suggestionia_ticket_id_912adead_fk_tickets_ticket_id; Type: FK CONSTRAINT; Schema: public; Owner: postgres
--

ALTER TABLE ONLY public.tickets_suggestionia
    ADD CONSTRAINT tickets_suggestionia_ticket_id_912adead_fk_tickets_ticket_id FOREIGN KEY (ticket_id) REFERENCES public.tickets_ticket(id) DEFERRABLE INITIALLY DEFERRED;


--
-- Name: tickets_ticket tickets_ticket_createur_id_b641e44c_fk_tickets_utilisateur_id; Type: FK CONSTRAINT; Schema: public; Owner: postgres
--

ALTER TABLE ONLY public.tickets_ticket
    ADD CONSTRAINT tickets_ticket_createur_id_b641e44c_fk_tickets_utilisateur_id FOREIGN KEY (createur_id) REFERENCES public.tickets_utilisateur(id) DEFERRABLE INITIALLY DEFERRED;


--
-- Name: tickets_ticket tickets_ticket_equipement_id_bfd7d55d_fk_tickets_equipement_id; Type: FK CONSTRAINT; Schema: public; Owner: postgres
--

ALTER TABLE ONLY public.tickets_ticket
    ADD CONSTRAINT tickets_ticket_equipement_id_bfd7d55d_fk_tickets_equipement_id FOREIGN KEY (equipement_id) REFERENCES public.tickets_equipement(id) DEFERRABLE INITIALLY DEFERRED;


--
-- Name: tickets_ticket tickets_ticket_technicien_id_ca667e66_fk_tickets_utilisateur_id; Type: FK CONSTRAINT; Schema: public; Owner: postgres
--

ALTER TABLE ONLY public.tickets_ticket
    ADD CONSTRAINT tickets_ticket_technicien_id_ca667e66_fk_tickets_utilisateur_id FOREIGN KEY (technicien_id) REFERENCES public.tickets_utilisateur(id) DEFERRABLE INITIALLY DEFERRED;


--
-- Name: tickets_utilisateur_user_permissions tickets_utilisateur__permission_id_23d2e82a_fk_auth_perm; Type: FK CONSTRAINT; Schema: public; Owner: postgres
--

ALTER TABLE ONLY public.tickets_utilisateur_user_permissions
    ADD CONSTRAINT tickets_utilisateur__permission_id_23d2e82a_fk_auth_perm FOREIGN KEY (permission_id) REFERENCES public.auth_permission(id) DEFERRABLE INITIALLY DEFERRED;


--
-- Name: tickets_utilisateur_user_permissions tickets_utilisateur__utilisateur_id_585a81c9_fk_tickets_u; Type: FK CONSTRAINT; Schema: public; Owner: postgres
--

ALTER TABLE ONLY public.tickets_utilisateur_user_permissions
    ADD CONSTRAINT tickets_utilisateur__utilisateur_id_585a81c9_fk_tickets_u FOREIGN KEY (utilisateur_id) REFERENCES public.tickets_utilisateur(id) DEFERRABLE INITIALLY DEFERRED;


--
-- Name: tickets_utilisateur_groups tickets_utilisateur__utilisateur_id_64f00253_fk_tickets_u; Type: FK CONSTRAINT; Schema: public; Owner: postgres
--

ALTER TABLE ONLY public.tickets_utilisateur_groups
    ADD CONSTRAINT tickets_utilisateur__utilisateur_id_64f00253_fk_tickets_u FOREIGN KEY (utilisateur_id) REFERENCES public.tickets_utilisateur(id) DEFERRABLE INITIALLY DEFERRED;


--
-- Name: tickets_utilisateur_groups tickets_utilisateur_groups_group_id_708248fe_fk_auth_group_id; Type: FK CONSTRAINT; Schema: public; Owner: postgres
--

ALTER TABLE ONLY public.tickets_utilisateur_groups
    ADD CONSTRAINT tickets_utilisateur_groups_group_id_708248fe_fk_auth_group_id FOREIGN KEY (group_id) REFERENCES public.auth_group(id) DEFERRABLE INITIALLY DEFERRED;


--
-- Name: token_blacklist_blacklistedtoken token_blacklist_blacklistedtoken_token_id_3cc7fe56_fk; Type: FK CONSTRAINT; Schema: public; Owner: postgres
--

ALTER TABLE ONLY public.token_blacklist_blacklistedtoken
    ADD CONSTRAINT token_blacklist_blacklistedtoken_token_id_3cc7fe56_fk FOREIGN KEY (token_id) REFERENCES public.token_blacklist_outstandingtoken(id) DEFERRABLE INITIALLY DEFERRED;


--
-- Name: token_blacklist_outstandingtoken token_blacklist_outs_user_id_83bc629a_fk_tickets_u; Type: FK CONSTRAINT; Schema: public; Owner: postgres
--

ALTER TABLE ONLY public.token_blacklist_outstandingtoken
    ADD CONSTRAINT token_blacklist_outs_user_id_83bc629a_fk_tickets_u FOREIGN KEY (user_id) REFERENCES public.tickets_utilisateur(id) DEFERRABLE INITIALLY DEFERRED;


--
-- PostgreSQL database dump complete
--

\unrestrict k1xPJaQEa7tD7kOVNBPtlPT0IA2HrRmQjAqadZZhsdwQxBbjgajHUOKdSu7rR6u

